 clusterID,  avg_angle,  avg_length,  [WRuns  keys] 
1000,0.195200432186,610.0,20160816_1545_1/48,20160816_1545_1/42,20160816_1545_1/49,20160816_1545_1/44,20160816_1545_1/41,20160816_1545_1/39,20160816_1545_1/37,20160816_1545_1/40,20160816_1545_1/46
1005,0.192504689833,436.0,20160816_1546_1/25,20160816_1546_1/16,20160816_1546_1/20,20160816_1546_1/13,20160816_1546_1/18
1011,0.297997267665,625.0,20160816_1544_1/10,20160816_1544_1/11,20160816_1544_1/13,20160816_1544_1/7
1012,0.228472408747,467.77777777777777,20160816_1544_1/54,20160816_1544_1/57,20160816_1544_1/68,20160816_1544_1/63,20160816_1544_1/56,20160816_1544_1/60,20160816_1544_1/67,20160816_1545_1/1,20160816_1545_1/2
1013,0.250580029388,555.7142857142857,20160816_1544_1/32,20160816_1544_1/51,20160816_1544_1/39,20160816_1544_1/25,20160816_1544_1/36,20160816_1544_1/18,20160816_1544_1/50,20160816_1544_1/42,20160816_1544_1/22,20160816_1544_1/17,20160816_1544_1/31,20160816_1544_1/27,20160816_1544_1/24,20160816_1544_1/33
1015,0.274043595357,526.0,20160816_1548_1/57,20160816_1548_1/54,20160816_1549_1/4,20160816_1549_1/2,20160816_1548_1/53
1016,0.0754818817751,640.0,20160816_1548_1/34,20160816_1548_1/45,20160816_1548_1/37,20160816_1548_1/49,20160816_1548_1/42,20160816_1548_1/30
1018,0.374781486155,503.3333333333333,20160816_1548_1/24,20160816_1548_1/7,20160816_1548_1/14,20160816_1548_1/2,20160816_1548_1/9,20160816_1548_1/5
1019,0.339067612713,625.0,20160816_1547_1/37,20160816_1547_1/38,20160816_1548_1/0,20160816_1547_1/34
1022,0.240608408737,803.3333333333334,20160816_1547_1/31,20160816_1547_1/36,20160816_1547_1/30,20160816_1547_1/26,20160816_1547_1/28,20160816_1547_1/29
1023,0.336453329519,631.5384615384615,20160816_1547_1/9,20160816_1547_1/15,20160816_1547_1/16,20160816_1547_1/10,20160816_1547_1/11,20160816_1547_1/2,20160816_1547_1/21,20160816_1547_1/22,20160816_1547_1/6,20160816_1547_1/1,20160816_1547_1/7,20160816_1547_1/19,20160816_1547_1/12
1024,0.278973521654,576.6666666666666,20160816_1546_1/34,20160816_1547_1/4,20160816_1546_1/37,20160816_1546_1/24,20160816_1546_1/29,20160816_1546_1/19,20160816_1546_1/21,20160816_1546_1/27,20160816_1546_1/33,20160816_1547_1/5,20160816_1546_1/22,20160816_1546_1/23,20160816_1546_1/31,20160816_1547_1/0,20160816_1546_1/30
103,5.13483794697,280.0,20160816_1226_1/19,20160816_1226_1/2,20160816_1226_1/25,20160816_1226_1/28,20160816_1226_1/34,20160816_1226_1/33
1036,0.128542166638,503.3333333333333,20160816_1530_1/53,20160816_1530_1/65,20160816_1530_1/56,20160816_1530_1/66,20160816_1530_1/51,20160816_1530_1/57
1037,0.182895333889,599.0,20160816_1530_1/75,20160816_1530_1/83,20160816_1530_1/82,20160816_1530_1/84,20160816_1530_1/88,20160816_1530_1/71,20160816_1530_1/85,20160816_1531_1/2,20160816_1531_1/0,20160816_1530_1/80
104,5.50431042121,664.2857142857143,20160816_1226_1/40,20160816_1226_1/52,20160816_1226_1/48,20160816_1226_1/43,20160816_1226_1/39,20160816_1226_1/56,20160816_1226_1/46
1041,0.135516784829,512.5,20160816_1530_1/48,20160816_1530_1/45,20160816_1530_1/39,20160816_1530_1/40
1042,0.251749961514,726.6666666666666,20160816_1530_1/21,20160816_1530_1/36,20160816_1530_1/28,20160816_1530_1/27,20160816_1530_1/31,20160816_1530_1/22
1044,0.248947073192,598.5714285714286,20160816_1530_1/72,20160816_1530_1/61,20160816_1530_1/73,20160816_1530_1/63,20160816_1530_1/60,20160816_1530_1/64,20160816_1530_1/69
1045,0.267809669488,775.0,20160816_1530_1/16,20160816_1530_1/14,20160816_1530_1/19,20160816_1530_1/12
1046,0.146614065337,633.3333333333334,20160816_1530_1/43,20160816_1530_1/26,20160816_1530_1/55,20160816_1530_1/50,20160816_1530_1/24,20160816_1530_1/47,20160816_1530_1/30,20160816_1530_1/38,20160816_1530_1/23,20160816_1530_1/52,20160816_1530_1/44,20160816_1530_1/35
1047,3.59367338035,278.0,20160816_1530_1/42,20160816_1530_1/29,20160816_1530_1/37,20160816_1530_1/41,20160816_1530_1/25
1048,3.52080191578,282.5,20160816_1530_1/77,20160816_1530_1/74,20160816_1530_1/81,20160816_1530_1/76
1049,3.49625663351,300.0,20160816_1530_1/54,20160816_1530_1/62,20160816_1530_1/32,20160816_1530_1/70
105,0.874299655336,312.0,20160816_1227_1/6,20160816_1226_1/55,20160816_1227_1/17,20160816_1227_1/9,20160816_1227_1/7
1050,0.169587060633,512.0,20160816_1528_1/18,20160816_1528_1/17,20160816_1528_1/12,20160816_1528_1/13,20160816_1529_1/3
1051,0.241550141481,615.0,20160816_1529_1/10,20160816_1529_1/8,20160816_1529_1/14,20160816_1529_1/17,20160816_1529_1/18,20160816_1529_1/5
1052,0.38100016928,430.0,20160816_1529_1/15,20160816_1529_1/0,20160816_1528_1/15,20160816_1529_1/4
1053,0.348455347422,528.0,20160816_1529_1/54,20160816_1529_1/55,20160816_1529_1/43,20160816_1529_1/47,20160816_1529_1/45
1054,0.37053136388,783.75,20160816_1529_1/33,20160816_1529_1/32,20160816_1529_1/30,20160816_1529_1/22,20160816_1529_1/29,20160816_1529_1/31,20160816_1529_1/39,20160816_1529_1/36
1055,0.154395504375,478.57142857142856,20160816_1529_1/62,20160816_1529_1/67,20160816_1529_1/68,20160816_1529_1/61,20160816_1529_1/60,20160816_1529_1/63,20160816_1530_1/0
1057,0.188925198066,387.5,20160816_1534_1/8,20160816_1534_1/4,20160816_1534_1/12,20160816_1534_1/11
1058,0.260744685236,690.0,20160816_1533_1/26,20160816_1533_1/20,20160816_1533_1/24,20160816_1533_1/22
1059,0.243416162664,585.0,20160816_1533_1/37,20160816_1533_1/34,20160816_1533_1/39,20160816_1534_1/1,20160816_1533_1/30,20160816_1533_1/32,20160816_1533_1/33,20160816_1533_1/28
106,0.953862457964,256.0,20160816_1225_1/43,20160816_1225_1/41,20160816_1225_1/34,20160816_1225_1/35,20160816_1225_1/44
1060,0.326316069523,510.0,20160816_1533_1/7,20160816_1533_1/10,20160816_1533_1/9,20160816_1533_1/11
1063,0.193661704783,568.5714285714286,20160816_1533_1/31,20160816_1533_1/27,20160816_1533_1/25,20160816_1533_1/29,20160816_1534_1/0,20160816_1533_1/38,20160816_1533_1/35
1064,0.0284506912715,681.6666666666666,20160816_1533_1/19,20160816_1533_1/23,20160816_1533_1/12,20160816_1533_1/21,20160816_1533_1/17,20160816_1533_1/18
1067,3.64933692161,341.0,20160816_1531_1/8,20160816_1531_1/11,20160816_1531_1/10,20160816_1531_1/9,20160816_1531_1/29,20160816_1531_1/12,20160816_1531_1/22,20160816_1531_1/27,20160816_1531_1/18,20160816_1531_1/24
1074,0.168300513252,558.5714285714286,20160816_1531_1/21,20160816_1531_1/33,20160816_1531_1/15,20160816_1531_1/20,20160816_1532_1/2,20160816_1531_1/23,20160816_1531_1/28
1075,0.368037408491,492.0,20160816_1532_1/5,20160816_1531_1/38,20160816_1531_1/39,20160816_1532_1/4,20160816_1532_1/1
108,5.35565815122,553.75,20160816_1225_1/16,20160816_1225_1/27,20160816_1225_1/21,20160816_1225_1/19,20160816_1225_1/20,20160816_1225_1/25,20160816_1225_1/24,20160816_1225_1/31
1082,0.175463029646,655.0,20160816_1534_1/30,20160816_1534_1/28,20160816_1534_1/22,20160816_1534_1/19,20160816_1534_1/27,20160816_1534_1/26
1084,0.329762448684,526.0,20160816_1534_1/33,20160816_1534_1/36,20160816_1534_1/34,20160816_1534_1/38,20160816_1534_1/37
1088,4.82205162942,746.0,20160816_1536_1/5,20160816_1535_1/32,20160816_1535_1/29,20160816_1535_1/41,20160816_1535_1/34
109,5.58690025568,585.7142857142857,20160816_1225_1/32,20160816_1225_1/14,20160816_1225_1/15,20160816_1225_1/45,20160816_1225_1/11,20160816_1225_1/28,20160816_1225_1/13
1090,0.228741436491,632.5,20160816_1535_1/33,20160816_1535_1/25,20160816_1535_1/30,20160816_1535_1/27
1091,0.388450845511,762.0,20160816_1535_1/15,20160816_1535_1/18,20160816_1535_1/11,20160816_1535_1/23,20160816_1535_1/21,20160816_1535_1/19,20160816_1535_1/8,20160816_1535_1/12,20160816_1535_1/9,20160816_1535_1/13
1092,0.343314985593,560.0,20160816_1535_1/22,20160816_1535_1/26,20160816_1535_1/24,20160816_1535_1/20,20160816_1535_1/28
1093,0.360698634567,624.0,20160816_1535_1/42,20160816_1535_1/35,20160816_1535_1/40,20160816_1535_1/43,20160816_1535_1/39
1094,0.308274170465,478.0,20160816_1536_1/9,20160816_1536_1/0,20160816_1536_1/4,20160816_1535_1/44,20160816_1536_1/2
110,5.68113450309,758.0,20160816_1226_1/3,20160816_1225_1/42,20160816_1225_1/9,20160816_1225_1/8,20160816_1225_1/37
1104,0.139500947882,600.0,20160816_1516_1/10,20160816_1516_1/11,20160816_1516_1/4,20160816_1516_1/8,20160816_1517_1/3
1106,0.165229735853,462.0,20160816_1517_1/7,20160816_1517_1/8,20160816_1517_1/10,20160816_1517_1/4,20160816_1517_1/6
1107,6.24918669891,491.42857142857144,20160816_1516_1/19,20160816_1516_1/17,20160816_1516_1/14,20160816_1516_1/15,20160816_1516_1/16,20160816_1516_1/13,20160816_1516_1/12
1109,0.159936759016,593.3333333333334,20160816_1515_1/9,20160816_1515_1/5,20160816_1515_1/11,20160816_1515_1/12,20160816_1515_1/6,20160816_1515_1/3
1111,0.131860903297,492.0,20160816_1515_1/4,20160816_1515_1/7,20160816_1515_1/13,20160816_1515_1/15,20160816_1515_1/10
1113,2.79415997227,855.0,20160816_1515_1/20,20160816_1515_1/16,20160816_1515_1/23,20160816_1515_1/28,20160816_1515_1/24,20160816_1515_1/26
1115,0.00816460916327,461.25,20160816_1517_1/28,20160816_1518_1/18,20160816_1517_1/30,20160816_1517_1/33,20160816_1518_1/7,20160816_1518_1/4,20160816_1517_1/31,20160816_1518_1/11
1117,0.0392291811355,631.4285714285714,20160816_1517_1/18,20160816_1517_1/21,20160816_1517_1/17,20160816_1517_1/20,20160816_1517_1/13,20160816_1517_1/14,20160816_1517_1/12
112,4.69821977848,273.3333333333333,20160816_1225_1/0,20160816_1224_1/19,20160816_1225_1/3
1130,0.180015535959,383.3333333333333,20160816_1519_1/38,20160816_1519_1/35,20160816_1519_1/42
1133,0.326996594766,632.5,20160816_1520_1/10,20160816_1520_1/17,20160816_1520_1/15,20160816_1520_1/13,20160816_1520_1/30,20160816_1520_1/23,20160816_1520_1/35,20160816_1520_1/27,20160816_1520_1/32,20160816_1519_1/44,20160816_1520_1/2,20160816_1520_1/11
1134,0.262963906862,716.25,20160816_1519_1/28,20160816_1519_1/34,20160816_1520_1/5,20160816_1519_1/40,20160816_1520_1/4,20160816_1519_1/37,20160816_1519_1/32,20160816_1519_1/30
1136,6.19625751257,945.0,20160816_1519_1/20,20160816_1519_1/26,20160816_1519_1/22,20160816_1519_1/24
1143,0.0998008579842,655.0,20160816_1518_1/58,20160816_1518_1/56,20160816_1518_1/55,20160816_1518_1/59,20160816_1518_1/60,20160816_1518_1/57
1144,0.252092098956,597.5,20160816_1519_1/1,20160816_1519_1/9,20160816_1519_1/15,20160816_1519_1/5
1145,6.24749446683,623.3333333333334,20160816_1519_1/3,20160816_1519_1/23,20160816_1519_1/4,20160816_1519_1/25,20160816_1519_1/18,20160816_1519_1/12,20160816_1519_1/13,20160816_1519_1/6,20160816_1519_1/14
1146,0.164784947268,352.0,20160816_1518_1/40,20160816_1518_1/50,20160816_1518_1/49,20160816_1518_1/39,20160816_1518_1/38
1147,0.116010901755,554.0,20160816_1518_1/28,20160816_1518_1/33,20160816_1518_1/23,20160816_1518_1/32,20160816_1518_1/19,20160816_1518_1/54,20160816_1518_1/26,20160816_1518_1/22,20160816_1518_1/21,20160816_1518_1/27
1149,0.114023797859,647.7777777777778,20160816_1518_1/9,20160816_1517_1/23,20160816_1517_1/29,20160816_1518_1/8,20160816_1518_1/12,20160816_1517_1/32,20160816_1518_1/6,20160816_1518_1/2,20160816_1518_1/5
115,5.17404215963,600.0,20160816_1227_1/20,20160816_1227_1/19,20160816_1227_1/16,20160816_1227_1/21,20160816_1227_1/24,20160816_1227_1/25
1150,0.251780225055,560.0,20160816_1518_1/37,20160816_1518_1/24,20160816_1518_1/13,20160816_1518_1/10,20160816_1518_1/35,20160816_1518_1/34,20160816_1518_1/16,20160816_1518_1/20
1151,6.20042059776,505.0,20160816_1519_1/7,20160816_1519_1/2,20160816_1519_1/17,20160816_1519_1/8
1153,0.0942213788581,464.0,20160816_1518_1/47,20160816_1518_1/45,20160816_1518_1/52,20160816_1518_1/48,20160816_1518_1/53
1154,0.00158792585551,463.3333333333333,20160816_1524_1/26,20160816_1524_1/12,20160816_1524_1/20,20160816_1524_1/17,20160816_1524_1/23,20160816_1524_1/24
1156,0.183781253031,566.6666666666666,20160816_1525_1/2,20160816_1525_1/5,20160816_1525_1/3,20160816_1525_1/6,20160816_1525_1/8,20160816_1525_1/7
1157,6.26728025835,415.0,20160816_1524_1/14,20160816_1524_1/30,20160816_1524_1/28,20160816_1524_1/42,20160816_1524_1/37,20160816_1524_1/39
116,5.14653304454,503.3333333333333,20160816_1227_1/30,20160816_1227_1/29,20160816_1227_1/33,20160816_1227_1/32,20160816_1227_1/31,20160816_1227_1/34
1161,0.0784343763619,618.3333333333334,20160816_1526_1/4,20160816_1526_1/7,20160816_1526_1/10,20160816_1526_1/6,20160816_1526_1/8,20160816_1526_1/5
1163,0.104609613438,606.6666666666666,20160816_1525_1/19,20160816_1525_1/14,20160816_1525_1/10,20160816_1525_1/23,20160816_1525_1/25,20160816_1525_1/12
1164,0.114485199758,684.2857142857143,20160816_1526_1/1,20160816_1525_1/50,20160816_1525_1/47,20160816_1526_1/2,20160816_1525_1/45,20160816_1525_1/41,20160816_1525_1/52
1166,0.314385609424,300.0,20160816_1527_1/24,20160816_1527_1/28,20160816_1527_1/17,20160816_1527_1/22
1168,5.87416475826,286.6666666666667,20160816_1526_1/38,20160816_1526_1/46,20160816_1526_1/37
1170,0.0845339240949,627.5,20160816_1526_1/3,20160816_1526_1/27,20160816_1526_1/22,20160816_1526_1/24
1171,0.126786682938,559.0,20160816_1526_1/41,20160816_1526_1/31,20160816_1527_1/1,20160816_1527_1/2,20160816_1527_1/7,20160816_1526_1/35,20160816_1526_1/43,20160816_1526_1/47,20160816_1527_1/4,20160816_1526_1/45
1172,0.278423190259,596.0,20160816_1526_1/32,20160816_1526_1/44,20160816_1526_1/23,20160816_1526_1/28,20160816_1526_1/42
1173,0.184111080374,555.0,20160816_1527_1/12,20160816_1527_1/3,20160816_1527_1/10,20160816_1526_1/48
1178,1.91705959237,340.0,20160816_1523_1/1,20160816_1522_1/31,20160816_1522_1/32
1188,0.0644830795929,506.6666666666667,20160816_1522_1/26,20160816_1522_1/30,20160816_1522_1/37
119,5.4847021587,576.6666666666666,20160816_1226_1/36,20160816_1226_1/30,20160816_1226_1/38
1190,0.198513231602,578.1818181818181,20160816_1522_1/18,20160816_1522_1/38,20160816_1522_1/36,20160816_1522_1/28,20160816_1523_1/3,20160816_1522_1/24,20160816_1523_1/0,20160816_1523_1/2,20160816_1522_1/25,20160816_1522_1/39,20160816_1522_1/33
1192,0.11016846685,450.0,20160816_1524_1/49,20160816_1524_1/50,20160816_1524_1/54
1194,0.164237492849,454.2857142857143,20160816_1525_1/39,20160816_1525_1/37,20160816_1525_1/49,20160816_1525_1/43,20160816_1525_1/40,20160816_1525_1/48,20160816_1525_1/46
1197,0.15654847639,688.8888888888889,20160816_1524_1/25,20160816_1524_1/22,20160816_1524_1/36,20160816_1524_1/27,20160816_1524_1/29,20160816_1524_1/33,20160816_1524_1/32,20160816_1524_1/35,20160816_1524_1/21
1198,0.126268125004,540.0,20160816_1524_1/16,20160816_1524_1/15,20160816_1524_1/10,20160816_1524_1/9,20160816_1524_1/11,20160816_1523_1/21,20160816_1523_1/24,20160816_1524_1/13,20160816_1524_1/18
120,5.60724167076,720.0,20160816_1226_1/13,20160816_1226_1/16,20160816_1226_1/23,20160816_1226_1/11,20160816_1226_1/17
1200,0.23415267737,611.4285714285714,20160816_1524_1/1,20160816_1523_1/20,20160816_1524_1/7,20160816_1524_1/5,20160816_1524_1/3,20160816_1524_1/6,20160816_1524_1/4
1201,0.00277210232259,525.0,20160816_1446_1/33,20160816_1446_1/27,20160816_1446_1/32,20160816_1446_1/31
1202,6.25987932217,722.7272727272727,20160816_1447_1/12,20160816_1447_1/7,20160816_1447_1/6,20160816_1447_1/9,20160816_1447_1/18,20160816_1447_1/3,20160816_1447_1/21,20160816_1447_1/1,20160816_1447_1/19,20160816_1447_1/17,20160816_1447_1/15
1203,0.0466238650127,692.0,20160816_1447_1/37,20160816_1447_1/39,20160816_1447_1/35,20160816_1447_1/31,20160816_1447_1/33
1204,0.0273617129065,581.6666666666666,20160816_1448_1/9,20160816_1448_1/2,20160816_1448_1/7,20160816_1448_1/3,20160816_1448_1/11,20160816_1448_1/5
1206,0.352145461683,461.6666666666667,20160816_1447_1/32,20160816_1447_1/36,20160816_1447_1/27,20160816_1447_1/29,20160816_1447_1/8,20160816_1447_1/30
1207,6.27186839903,587.5,20160816_1447_1/34,20160816_1448_1/4,20160816_1448_1/10,20160816_1448_1/1,20160816_1448_1/14,20160816_1448_1/12,20160816_1448_1/0,20160816_1447_1/38
1208,0.146000446583,640.0,20160816_1448_1/18,20160816_1448_1/19,20160816_1448_1/22,20160816_1448_1/25,20160816_1448_1/21
1209,6.1361070295,561.6666666666666,20160816_1448_1/27,20160816_1448_1/20,20160816_1448_1/32,20160816_1448_1/34,20160816_1448_1/30,20160816_1448_1/28
121,5.30565733205,577.5,20160816_1226_1/20,20160816_1226_1/50,20160816_1226_1/6,20160816_1225_1/33
1212,6.27232271046,637.5,20160816_1448_1/36,20160816_1448_1/35,20160816_1448_1/37,20160816_1448_1/33
1214,6.22942150953,600.0,20160816_1449_1/1,20160816_1448_1/38,20160816_1449_1/0,20160816_1449_1/2
1217,0.112025977916,615.7142857142857,20160816_1446_1/5,20160816_1446_1/6,20160816_1446_1/2,20160816_1446_1/8,20160816_1446_1/3,20160816_1446_1/1,20160816_1445_1/27
1218,6.21659324704,832.5,20160816_1445_1/21,20160816_1445_1/25,20160816_1445_1/24,20160816_1445_1/23
1221,5.77411033923,504.0,20160816_1446_1/22,20160816_1446_1/23,20160816_1446_1/24,20160816_1446_1/7,20160816_1446_1/15
1222,6.19649016223,655.5555555555555,20160816_1446_1/20,20160816_1446_1/13,20160816_1446_1/11,20160816_1446_1/19,20160816_1446_1/12,20160816_1446_1/14,20160816_1446_1/16,20160816_1446_1/10,20160816_1446_1/17
1223,2.9079777299,568.0,20160816_1442_1/40,20160816_1442_1/41,20160816_1442_1/37,20160816_1443_1/0,20160816_1442_1/36
1226,6.1859435921,611.25,20160816_1444_1/26,20160816_1444_1/19,20160816_1444_1/24,20160816_1444_1/21,20160816_1444_1/23,20160816_1444_1/29,20160816_1444_1/20,20160816_1444_1/33
1227,6.16096453724,606.6666666666666,20160816_1444_1/6,20160816_1444_1/7,20160816_1444_1/12,20160816_1444_1/4,20160816_1444_1/10,20160816_1444_1/5
1228,6.26798606102,532.5,20160816_1444_1/14,20160816_1443_1/19,20160816_1444_1/16,20160816_1444_1/17
1230,5.92000209165,384.2857142857143,20160816_1444_1/9,20160816_1444_1/22,20160816_1444_1/8,20160816_1444_1/0,20160816_1444_1/18,20160816_1444_1/25,20160816_1444_1/13
1231,6.1401980266,586.6666666666666,20160816_1445_1/18,20160816_1445_1/11,20160816_1445_1/26
1236,0.016797794483,596.6666666666666,20160816_1441_1/32,20160816_1441_1/24,20160816_1441_1/30,20160816_1441_1/31,20160816_1441_1/23,20160816_1441_1/27
1237,6.16103996064,575.0,20160816_1441_1/21,20160816_1441_1/20,20160816_1441_1/17,20160816_1441_1/22,20160816_1441_1/16,20160816_1441_1/19
1238,6.22110821903,588.3333333333334,20160816_1441_1/14,20160816_1441_1/13,20160816_1441_1/10,20160816_1441_1/11,20160816_1441_1/5,20160816_1441_1/9
1239,6.17607359377,748.0,20160816_1441_1/0,20160816_1441_1/2,20160816_1441_1/15,20160816_1441_1/3,20160816_1441_1/4
1241,6.14254956618,526.6666666666666,20160816_1442_1/43,20160816_1443_1/6,20160816_1443_1/2,20160816_1443_1/1,20160816_1442_1/42,20160816_1443_1/4,20160816_1443_1/11,20160816_1443_1/7,20160816_1443_1/8
1243,6.01045579327,408.0,20160816_1441_1/41,20160816_1442_1/0,20160816_1442_1/23,20160816_1442_1/1,20160816_1441_1/36
1244,0.0182342037635,592.5,20160816_1442_1/8,20160816_1442_1/4,20160816_1442_1/2,20160816_1442_1/5
1245,5.99537757608,542.0,20160816_1442_1/21,20160816_1442_1/14,20160816_1442_1/13,20160816_1442_1/16,20160816_1442_1/11
1246,0.302628622378,602.5,20160816_1442_1/32,20160816_1442_1/30,20160816_1442_1/27,20160816_1442_1/33
1248,6.09107257439,555.7142857142857,20160816_1442_1/10,20160816_1442_1/9,20160816_1442_1/17,20160816_1442_1/15,20160816_1442_1/12,20160816_1442_1/19,20160816_1442_1/20
1254,0.516849990901,442.0,20160816_1436_1/11,20160816_1436_1/10,20160816_1436_1/16,20160816_1436_1/35,20160816_1436_1/23
1256,0.0120685328188,663.3333333333334,20160816_1436_1/3,20160816_1435_1/6,20160816_1435_1/10,20160816_1435_1/9,20160816_1436_1/1,20160816_1435_1/7,20160816_1435_1/8,20160816_1436_1/0,20160816_1436_1/2
1258,6.13450754572,594.2857142857143,20160816_1436_1/8,20160816_1436_1/4,20160816_1436_1/22,20160816_1436_1/6,20160816_1436_1/7,20160816_1436_1/15,20160816_1436_1/5
1259,6.06497208991,745.0,20160816_1436_1/37,20160816_1436_1/36,20160816_1436_1/32,20160816_1436_1/28,20160816_1436_1/29,20160816_1437_1/0,20160816_1436_1/25,20160816_1437_1/4,20160816_1437_1/6,20160816_1437_1/1,20160816_1437_1/7,20160816_1436_1/33,20160816_1437_1/9,20160816_1436_1/26
126,5.51578418937,700.0,20160816_1226_1/0,20160816_1226_1/1,20160816_1225_1/51,20160816_1226_1/4
1267,6.24902774187,630.0,20160816_1437_1/35,20160816_1437_1/34,20160816_1438_1/3,20160816_1438_1/12,20160816_1438_1/10,20160816_1438_1/5,20160816_1437_1/33,20160816_1438_1/1,20160816_1438_1/9
1269,6.0795158045,508.3333333333333,20160816_1437_1/11,20160816_1437_1/3,20160816_1437_1/15,20160816_1437_1/8,20160816_1437_1/13,20160816_1437_1/5
1273,6.11521379702,476.0,20160816_1440_1/13,20160816_1440_1/11,20160816_1440_1/14,20160816_1440_1/10,20160816_1440_1/12
1274,6.08086928423,516.6666666666666,20160816_1440_1/24,20160816_1440_1/30,20160816_1440_1/21,20160816_1440_1/23,20160816_1440_1/27,20160816_1440_1/15
1275,6.08724535861,567.2727272727273,20160816_1439_1/44,20160816_1439_1/43,20160816_1439_1/39,20160816_1440_1/2,20160816_1440_1/0,20160816_1440_1/3,20160816_1440_1/4,20160816_1439_1/37,20160816_1439_1/46,20160816_1440_1/1,20160816_1439_1/45
1276,6.05483624069,550.0,20160816_1439_1/6,20160816_1439_1/5,20160816_1439_1/0,20160816_1438_1/43,20160816_1439_1/7,20160816_1439_1/3,20160816_1439_1/9,20160816_1439_1/1
1277,5.9720923187,593.3333333333334,20160816_1439_1/22,20160816_1439_1/10,20160816_1439_1/14,20160816_1439_1/12,20160816_1439_1/20,20160816_1439_1/13
1278,6.04063945567,541.25,20160816_1439_1/25,20160816_1439_1/27,20160816_1439_1/28,20160816_1439_1/31,20160816_1439_1/36,20160816_1439_1/15,20160816_1439_1/34,20160816_1439_1/29
1279,6.19340459324,390.0,20160816_1438_1/4,20160816_1438_1/2,20160816_1437_1/36
1281,6.00485914494,510.0,20160816_1438_1/36,20160816_1438_1/34,20160816_1438_1/32,20160816_1438_1/31,20160816_1438_1/33
1282,6.15982736915,402.22222222222223,20160816_1438_1/8,20160816_1438_1/30,20160816_1438_1/15,20160816_1438_1/21,20160816_1438_1/22,20160816_1438_1/11,20160816_1438_1/14,20160816_1438_1/23,20160816_1438_1/16
1283,6.10187518041,598.0,20160816_1431_1/9,20160816_1431_1/10,20160816_1431_1/8,20160816_1431_1/7,20160816_1431_1/11
1284,6.1619491646,577.5,20160816_1432_1/9,20160816_1432_1/7,20160816_1432_1/5,20160816_1432_1/8,20160816_1432_1/2,20160816_1432_1/6,20160816_1432_1/3,20160816_1432_1/10
1287,6.24810725698,585.0,20160816_1432_1/11,20160816_1432_1/18,20160816_1432_1/16,20160816_1432_1/13,20160816_1432_1/12,20160816_1432_1/20,20160816_1432_1/19,20160816_1432_1/15
1288,6.16364096664,517.7777777777778,20160816_1433_1/16,20160816_1433_1/8,20160816_1433_1/10,20160816_1433_1/9,20160816_1433_1/12,20160816_1433_1/14,20160816_1433_1/15,20160816_1433_1/11,20160816_1433_1/13
1289,6.0991462482,493.3333333333333,20160816_1432_1/29,20160816_1432_1/23,20160816_1432_1/26,20160816_1432_1/22,20160816_1432_1/31,20160816_1432_1/28
129,5.45641877393,527.7777777777778,20160816_1226_1/31,20160816_1226_1/35,20160816_1226_1/37,20160816_1226_1/18,20160816_1226_1/26,20160816_1226_1/12,20160816_1226_1/22,20160816_1226_1/10,20160816_1226_1/15
1290,6.23459159115,561.4285714285714,20160816_1433_1/3,20160816_1433_1/4,20160816_1433_1/1,20160816_1432_1/34,20160816_1433_1/2,20160816_1433_1/0,20160816_1432_1/32
1298,6.2016349378,436.25,20160816_1428_1/19,20160816_1428_1/23,20160816_1428_1/22,20160816_1428_1/27,20160816_1428_1/16,20160816_1428_1/21,20160816_1428_1/29,20160816_1428_1/25
1308,5.98708950656,404.2857142857143,20160816_1429_1/2,20160816_1429_1/8,20160816_1429_1/4,20160816_1429_1/7,20160816_1429_1/5,20160816_1429_1/1,20160816_1429_1/6
1309,6.07782211557,538.125,20160816_1428_1/18,20160816_1428_1/9,20160816_1428_1/11,20160816_1428_1/4,20160816_1428_1/5,20160816_1428_1/20,20160816_1428_1/31,20160816_1428_1/14,20160816_1428_1/7,20160816_1428_1/8,20160816_1428_1/24,20160816_1428_1/10,20160816_1428_1/6,20160816_1428_1/26,20160816_1428_1/28,20160816_1428_1/3
1315,6.14124905781,422.0,20160816_1513_1/25,20160816_1513_1/19,20160816_1513_1/16,20160816_1513_1/21,20160816_1513_1/29
1317,6.23127515212,503.75,20160816_1513_1/47,20160816_1513_1/42,20160816_1513_1/36,20160816_1514_1/2,20160816_1513_1/49,20160816_1513_1/38,20160816_1513_1/41,20160816_1514_1/1
132,1.01288208578,382.0,20160816_1241_1/10,20160816_1241_1/8,20160816_1241_1/12,20160816_1241_1/14,20160816_1241_1/11
1322,0.144040734054,652.7272727272727,20160816_1512_1/13,20160816_1513_1/2,20160816_1513_1/0,20160816_1512_1/20,20160816_1512_1/11,20160816_1512_1/18,20160816_1513_1/3,20160816_1512_1/9,20160816_1512_1/12,20160816_1513_1/12,20160816_1512_1/17
1324,0.190190642786,495.0,20160816_1513_1/14,20160816_1513_1/23,20160816_1513_1/20,20160816_1513_1/30,20160816_1513_1/11,20160816_1513_1/31
1326,0.140081759177,507.5,20160816_1511_1/37,20160816_1511_1/38,20160816_1511_1/36,20160816_1511_1/39,20160816_1511_1/43,20160816_1511_1/41,20160816_1511_1/42,20160816_1511_1/40
1328,0.123738842763,689.0909090909091,20160816_1511_1/21,20160816_1511_1/22,20160816_1511_1/16,20160816_1511_1/31,20160816_1511_1/26,20160816_1511_1/28,20160816_1511_1/18,20160816_1511_1/24,20160816_1511_1/19,20160816_1511_1/20,20160816_1511_1/25
1329,2.79885289209,300.0,20160816_1509_1/10,20160816_1509_1/13,20160816_1509_1/12,20160816_1509_1/15,20160816_1509_1/9,20160816_1509_1/17
1330,0.12200528489,482.0,20160816_1509_1/20,20160816_1510_1/1,20160816_1509_1/18,20160816_1509_1/21,20160816_1509_1/23,20160816_1509_1/24,20160816_1509_1/19,20160816_1510_1/0,20160816_1509_1/22,20160816_1509_1/26
1332,6.20330400188,336.6666666666667,20160816_1510_1/5,20160816_1510_1/18,20160816_1510_1/4
1336,0.0818106518632,408.8888888888889,20160816_1511_1/0,20160816_1511_1/4,20160816_1510_1/24,20160816_1510_1/23,20160816_1510_1/25,20160816_1510_1/27,20160816_1511_1/10,20160816_1510_1/22,20160816_1510_1/28
1337,0.118978055464,488.57142857142856,20160816_1510_1/19,20160816_1510_1/20,20160816_1510_1/16,20160816_1510_1/13,20160816_1510_1/14,20160816_1510_1/12,20160816_1510_1/15
1342,0.00970588025979,623.0,20160816_1506_1/21,20160816_1506_1/30,20160816_1506_1/25,20160816_1506_1/27,20160816_1506_1/26,20160816_1507_1/0,20160816_1507_1/2,20160816_1506_1/22,20160816_1506_1/28,20160816_1506_1/19
1347,0.100240214152,591.8181818181819,20160816_1505_1/60,20160816_1505_1/65,20160816_1506_1/5,20160816_1506_1/11,20160816_1506_1/14,20160816_1506_1/8,20160816_1506_1/4,20160816_1506_1/12,20160816_1506_1/3,20160816_1505_1/62,20160816_1506_1/16
1348,0.0581490579346,630.0,20160816_1505_1/44,20160816_1505_1/54,20160816_1505_1/52,20160816_1505_1/45,20160816_1505_1/58,20160816_1505_1/56,20160816_1505_1/50
1349,0.0842294413573,618.3333333333334,20160816_1505_1/39,20160816_1505_1/29,20160816_1505_1/41,20160816_1505_1/48,20160816_1505_1/42,20160816_1505_1/34
135,5.10287609836,513.3333333333334,20160816_1239_1/12,20160816_1239_1/13,20160816_1239_1/11,20160816_1239_1/4,20160816_1239_1/14,20160816_1239_1/7
1351,0.117674507477,451.25,20160816_1505_1/25,20160816_1505_1/43,20160816_1505_1/28,20160816_1505_1/49,20160816_1505_1/14,20160816_1505_1/20,20160816_1505_1/32,20160816_1505_1/38
1352,6.26764614232,392.0,20160816_1505_1/51,20160816_1505_1/53,20160816_1505_1/40,20160816_1505_1/59,20160816_1505_1/66
1353,6.15310157257,446.0,20160816_1504_1/5,20160816_1504_1/9,20160816_1504_1/11,20160816_1504_1/4,20160816_1504_1/6
1354,0.186934880307,855.0,20160816_1505_1/7,20160816_1504_1/12,20160816_1504_1/8,20160816_1505_1/0,20160816_1505_1/6,20160816_1505_1/1
1355,6.2408514804,562.8571428571429,20160816_1505_1/8,20160816_1505_1/16,20160816_1505_1/21,20160816_1505_1/23,20160816_1505_1/4,20160816_1505_1/17,20160816_1505_1/3
1356,6.14077386923,554.0,20160816_1505_1/36,20160816_1505_1/30,20160816_1505_1/37,20160816_1505_1/26,20160816_1505_1/57
1361,3.16733224741,333.75,20160816_1507_1/50,20160816_1507_1/51,20160816_1508_1/0,20160816_1507_1/54,20160816_1507_1/57,20160816_1507_1/58,20160816_1507_1/56,20160816_1507_1/55
1362,3.62769236008,325.0,20160816_1507_1/37,20160816_1507_1/40,20160816_1507_1/45,20160816_1507_1/39,20160816_1507_1/35,20160816_1507_1/36,20160816_1507_1/46,20160816_1507_1/41
1363,3.35963942966,308.75,20160816_1507_1/4,20160816_1507_1/31,20160816_1507_1/13,20160816_1507_1/19,20160816_1507_1/34,20160816_1507_1/6,20160816_1507_1/10,20160816_1507_1/11
1364,3.64325343259,299.0,20160816_1507_1/18,20160816_1507_1/27,20160816_1507_1/22,20160816_1507_1/24,20160816_1507_1/17,20160816_1507_1/25,20160816_1507_1/20,20160816_1507_1/26,20160816_1507_1/21,20160816_1507_1/16
1366,3.57523743472,358.75,20160816_1508_1/18,20160816_1508_1/13,20160816_1508_1/12,20160816_1508_1/10,20160816_1508_1/17,20160816_1508_1/5,20160816_1508_1/8,20160816_1508_1/11
1367,3.55967072369,310.0,20160816_1508_1/27,20160816_1508_1/20,20160816_1508_1/29,20160816_1508_1/24,20160816_1508_1/22
1369,3.5205777448,282.5,20160816_1508_1/36,20160816_1508_1/31,20160816_1508_1/30,20160816_1508_1/43,20160816_1508_1/41,20160816_1508_1/40,20160816_1508_1/32,20160816_1508_1/39
1373,6.24825945695,520.0,20160816_1456_1/0,20160816_1456_1/5,20160816_1456_1/11,20160816_1455_1/10
1374,0.170734412368,586.0,20160816_1455_1/8,20160816_1456_1/6,20160816_1456_1/8,20160816_1456_1/7,20160816_1456_1/4
1375,6.20850130076,500.0,20160816_1456_1/14,20160816_1456_1/10,20160816_1456_1/12,20160816_1456_1/13,20160816_1456_1/16
1377,6.27688249083,561.0,20160816_1454_1/12,20160816_1454_1/8,20160816_1454_1/16,20160816_1454_1/7,20160816_1454_1/18,20160816_1454_1/13,20160816_1454_1/17,20160816_1454_1/14,20160816_1454_1/9,20160816_1454_1/15
1378,6.27705103872,767.1428571428571,20160816_1454_1/2,20160816_1454_1/5,20160816_1454_1/1,20160816_1454_1/4,20160816_1454_1/3,20160816_1454_1/6,20160816_1454_1/0
1379,6.04695443138,440.0,20160816_1453_1/11,20160816_1453_1/18,20160816_1453_1/13,20160816_1453_1/14,20160816_1453_1/17
138,5.23070016212,400.0,20160816_1236_1/18,20160816_1236_1/17,20160816_1236_1/11,20160816_1237_1/0
1380,6.06660180708,484.0,20160816_1453_1/3,20160816_1453_1/0,20160816_1453_1/6,20160816_1453_1/1,20160816_1453_1/9
1383,0.0513720922295,666.0,20160816_1453_1/27,20160816_1453_1/22,20160816_1453_1/7,20160816_1453_1/16,20160816_1453_1/5,20160816_1453_1/28,20160816_1453_1/10,20160816_1453_1/19,20160816_1453_1/33,20160816_1453_1/35,20160816_1453_1/15,20160816_1453_1/12,20160816_1453_1/20,20160816_1453_1/31,20160816_1453_1/24
1384,6.18587593715,764.0,20160816_1451_1/9,20160816_1451_1/11,20160816_1451_1/14,20160816_1451_1/12,20160816_1451_1/15
1385,6.2691351565,685.0,20160816_1451_1/6,20160816_1451_1/7,20160816_1451_1/8,20160816_1451_1/3
1387,6.16734689034,535.0,20160816_1451_1/20,20160816_1451_1/17,20160816_1451_1/16,20160816_1451_1/18
139,5.58238936133,784.2857142857143,20160816_1236_1/22,20160816_1236_1/24,20160816_1236_1/14,20160816_1236_1/26,20160816_1236_1/13,20160816_1236_1/20,20160816_1236_1/19
1392,6.16889549384,497.5,20160816_1453_1/21,20160816_1453_1/25,20160816_1453_1/38,20160816_1453_1/32
1394,0.100561708474,485.0,20160816_1457_1/2,20160816_1457_1/5,20160816_1457_1/7,20160816_1457_1/4
1395,6.19562324151,506.6666666666667,20160816_1457_1/9,20160816_1457_1/19,20160816_1457_1/15,20160816_1457_1/12,20160816_1457_1/18,20160816_1457_1/14
1396,6.1612894804,442.22222222222223,20160816_1457_1/36,20160816_1458_1/6,20160816_1457_1/29,20160816_1457_1/39,20160816_1457_1/31,20160816_1458_1/8,20160816_1458_1/3,20160816_1458_1/0,20160816_1457_1/40
1398,0.10375264912,645.4545454545455,20160816_1457_1/30,20160816_1458_1/1,20160816_1457_1/38,20160816_1458_1/5,20160816_1458_1/15,20160816_1458_1/7,20160816_1458_1/17,20160816_1458_1/9,20160816_1458_1/13,20160816_1458_1/2,20160816_1458_1/4
1399,0.0938785498391,534.2857142857143,20160816_1457_1/27,20160816_1457_1/35,20160816_1457_1/32,20160816_1457_1/33,20160816_1457_1/28,20160816_1457_1/34,20160816_1457_1/41
1405,2.84712385069,442.5,20160816_1458_1/11,20160816_1458_1/12,20160816_1458_1/10,20160816_1458_1/14
1406,6.15897577335,792.8571428571429,20160816_1457_1/17,20160816_1457_1/16,20160816_1457_1/22,20160816_1457_1/13,20160816_1457_1/10,20160816_1457_1/23,20160816_1457_1/20
1408,0.06581437879,618.3333333333334,20160816_1457_1/0,20160816_1456_1/22,20160816_1456_1/28,20160816_1456_1/26,20160816_1457_1/1,20160816_1456_1/29
1410,6.13524185802,420.0,20160816_1504_1/0,20160816_1503_1/15,20160816_1503_1/11,20160816_1504_1/1,20160816_1503_1/14,20160816_1503_1/13
1411,0.229355822258,638.8888888888889,20160816_1503_1/3,20160816_1503_1/8,20160816_1503_1/4,20160816_1503_1/5,20160816_1503_1/7,20160816_1503_1/9,20160816_1503_1/2,20160816_1503_1/12,20160816_1503_1/10
1416,2.9571744064,382.85714285714283,20160816_1502_1/13,20160816_1502_1/19,20160816_1502_1/14,20160816_1502_1/17,20160816_1502_1/8,20160816_1501_1/46,20160816_1501_1/41
1419,0.258231861579,708.75,20160816_1502_1/34,20160816_1502_1/36,20160816_1502_1/37,20160816_1502_1/38,20160816_1502_1/39,20160816_1502_1/40,20160816_1502_1/41,20160816_1502_1/42
1420,0.476127347077,596.6666666666666,20160816_1502_1/16,20160816_1502_1/25,20160816_1502_1/20,20160816_1502_1/24,20160816_1502_1/23,20160816_1502_1/22
1421,0.184032243609,689.2307692307693,20160816_1502_1/44,20160816_1502_1/47,20160816_1502_1/50,20160816_1502_1/32,20160816_1502_1/33,20160816_1502_1/48,20160816_1502_1/51,20160816_1502_1/49,20160816_1502_1/35,20160816_1502_1/46,20160816_1502_1/30,20160816_1503_1/0,20160816_1502_1/45
1422,0.160352555722,635.0,20160816_1501_1/21,20160816_1501_1/18,20160816_1501_1/15,20160816_1501_1/13
1423,0.177568978423,727.5,20160816_1501_1/32,20160816_1501_1/26,20160816_1501_1/31,20160816_1501_1/29
1428,0.0367013457891,513.3333333333334,20160816_1459_1/6,20160816_1459_1/9,20160816_1459_1/5,20160816_1459_1/7,20160816_1459_1/1,20160816_1459_1/12,20160816_1459_1/4,20160816_1459_1/14,20160816_1459_1/2
1429,5.98088995417,600.0,20160816_1500_1/9,20160816_1459_1/34,20160816_1500_1/5,20160816_1500_1/10
143,5.53788231158,678.8888888888889,20160816_1237_1/4,20160816_1237_1/7,20160816_1237_1/15,20160816_1237_1/13,20160816_1237_1/12,20160816_1237_1/6,20160816_1237_1/3,20160816_1237_1/10,20160816_1237_1/11
1431,2.56903788456,350.0,20160816_1459_1/25,20160816_1459_1/13,20160816_1459_1/10,20160816_1459_1/11
1433,3.18900379264,370.0,20160816_1459_1/28,20160816_1459_1/29,20160816_1459_1/30
1437,2.88255622956,320.0,20160816_1500_1/6,20160816_1500_1/15,20160816_1500_1/3
1438,3.37544389085,353.3333333333333,20160816_1501_1/10,20160816_1500_1/38,20160816_1500_1/40
1439,3.05622362124,400.0,20160816_1501_1/5,20160816_1501_1/14,20160816_1501_1/9,20160816_1501_1/11,20160816_1501_1/4,20160816_1501_1/7
1440,3.43107283368,274.0,20160816_1500_1/31,20160816_1500_1/36,20160816_1500_1/32,20160816_1500_1/27,20160816_1500_1/29
1442,3.00599074628,407.5,20160816_1500_1/43,20160816_1500_1/48,20160816_1500_1/45,20160816_1500_1/42
147,5.30866051723,752.0,20160816_1238_1/13,20160816_1238_1/14,20160816_1238_1/11,20160816_1238_1/12,20160816_1238_1/15
15,0.882997253093,337.5,20160816_1257_1/18,20160816_1257_1/10,20160816_1257_1/11,20160816_1257_1/16
152,5.1157091484,568.3333333333334,20160816_1229_1/12,20160816_1229_1/11,20160816_1229_1/13,20160816_1229_1/9,20160816_1229_1/10,20160816_1229_1/4
153,5.32602360897,360.0,20160816_1229_1/7,20160816_1229_1/5,20160816_1229_1/8,20160816_1229_1/6
155,5.44316237858,438.3333333333333,20160816_1228_1/10,20160816_1228_1/5,20160816_1228_1/8,20160816_1228_1/11,20160816_1228_1/9,20160816_1228_1/4
158,4.24940280937,343.3333333333333,20160816_1231_1/8,20160816_1231_1/9,20160816_1231_1/13
159,4.88250394748,363.3333333333333,20160816_1231_1/19,20160816_1231_1/11,20160816_1231_1/12
163,5.53884353368,897.5,20160816_1230_1/24,20160816_1230_1/21,20160816_1230_1/13,20160816_1230_1/16,20160816_1230_1/29,20160816_1230_1/28,20160816_1230_1/12,20160816_1230_1/26
166,5.0694018592,297.5,20160816_1232_1/60,20160816_1232_1/56,20160816_1232_1/52,20160816_1232_1/58
173,5.44589694433,306.0,20160816_1233_1/23,20160816_1233_1/34,20160816_1233_1/25,20160816_1233_1/33,20160816_1233_1/29
174,5.10819941268,618.5714285714286,20160816_1232_1/34,20160816_1232_1/24,20160816_1232_1/55,20160816_1232_1/38,20160816_1232_1/48,20160816_1232_1/51,20160816_1232_1/43
175,5.57484019729,790.0,20160816_1232_1/31,20160816_1232_1/22,20160816_1232_1/36
176,5.4098339559,475.0,20160816_1233_1/22,20160816_1233_1/7,20160816_1233_1/14,20160816_1233_1/17
179,5.28252007136,741.4285714285714,20160816_1233_1/57,20160816_1234_1/0,20160816_1234_1/1,20160816_1233_1/56,20160816_1233_1/59,20160816_1233_1/58,20160816_1233_1/54
181,5.52447804073,900.0,20160816_1232_1/16,20160816_1232_1/21,20160816_1232_1/23,20160816_1232_1/12
183,5.32577079395,865.0,20160816_1232_1/0,20160816_1232_1/9,20160816_1231_1/32,20160816_1232_1/4,20160816_1232_1/6,20160816_1231_1/33
184,5.78647890766,737.5,20160816_1232_1/37,20160816_1232_1/45,20160816_1232_1/44,20160816_1232_1/50
185,5.43561932858,905.0,20160816_1232_1/53,20160816_1232_1/63,20160816_1232_1/57,20160816_1232_1/54
186,5.62580356774,820.0,20160816_1233_1/18,20160816_1233_1/16,20160816_1233_1/12,20160816_1233_1/13
187,5.16693742053,826.0,20160816_1233_1/21,20160816_1233_1/24,20160816_1232_1/67,20160816_1232_1/71,20160816_1233_1/8
189,5.47300679045,960.0,20160816_1233_1/47,20160816_1233_1/53,20160816_1233_1/43,20160816_1233_1/46,20160816_1233_1/39,20160816_1233_1/41,20160816_1233_1/52,20160816_1233_1/48,20160816_1233_1/42
192,5.42926079741,770.0,20160816_1234_1/24,20160816_1234_1/18,20160816_1234_1/21,20160816_1234_1/23,20160816_1234_1/25
196,5.42430402871,672.5,20160816_1234_1/34,20160816_1234_1/30,20160816_1234_1/36,20160816_1234_1/35
20,0.296826666266,622.0,20160816_1257_1/9,20160816_1257_1/14,20160816_1257_1/22,20160816_1257_1/6,20160816_1257_1/19
202,5.75815318284,390.0,20160816_1236_1/9,20160816_1236_1/10,20160816_1236_1/8,20160816_1236_1/6
206,1.20992994408,295.0,20160816_1234_1/12,20160816_1234_1/31,20160816_1235_1/7,20160816_1234_1/28,20160816_1234_1/33,20160816_1234_1/29
207,5.60929883058,918.3333333333334,20160816_1111_1/3,20160816_1111_1/5,20160816_1111_1/0,20160816_1111_1/2,20160816_1111_1/1,20160816_1111_1/4
210,4.77529086534,603.3333333333334,20160816_1109_1/9,20160816_1109_1/10,20160816_1109_1/7,20160816_1109_1/13,20160816_1109_1/12,20160816_1109_1/11
214,4.52709998916,691.1111111111111,20160816_1108_1/16,20160816_1108_1/8,20160816_1108_1/13,20160816_1108_1/14,20160816_1108_1/10,20160816_1109_1/1,20160816_1108_1/7,20160816_1108_1/15,20160816_1108_1/9
219,2.95129694323,800.0,20160816_1104_1/8,20160816_1104_1/4,20160816_1104_1/2,20160816_1104_1/7,20160816_1104_1/5
22,0.282200300454,581.6666666666666,20160816_1258_1/0,20160816_1257_1/25,20160816_1257_1/28,20160816_1257_1/27,20160816_1258_1/1,20160816_1257_1/26
220,4.3068456269,822.5,20160816_1106_1/1,20160816_1106_1/2,20160816_1106_1/6,20160816_1106_1/0
221,4.73951556731,817.5,20160816_1106_1/9,20160816_1106_1/10,20160816_1106_1/4,20160816_1106_1/5
225,0.251538193381,450.0,20160816_1103_1/4,20160816_1103_1/7,20160816_1103_1/5,20160816_1103_1/2,20160816_1103_1/3,20160816_1103_1/6
236,5.30138484708,832.5,20160816_1119_1/2,20160816_1119_1/3,20160816_1118_1/10,20160816_1119_1/1
239,0.358440731697,755.7142857142857,20160816_1120_1/13,20160816_1120_1/1,20160816_1120_1/14,20160816_1120_1/9,20160816_1120_1/4,20160816_1120_1/6,20160816_1120_1/10
241,5.0404285023,892.5,20160816_1119_1/8,20160816_1119_1/4,20160816_1119_1/10,20160816_1119_1/7
252,3.32576882584,820.0,20160816_1123_1/12,20160816_1123_1/13,20160816_1123_1/10,20160816_1123_1/14,20160816_1123_1/11
253,3.37650025047,770.0,20160816_1123_1/17,20160816_1123_1/20,20160816_1123_1/24,20160816_1123_1/15,20160816_1123_1/22,20160816_1123_1/16
254,3.2438554684,858.5714285714286,20160816_1123_1/5,20160816_1123_1/4,20160816_1123_1/1,20160816_1123_1/2,20160816_1123_1/0,20160816_1123_1/8,20160816_1123_1/6
255,3.49953322986,960.0,20160816_1122_1/39,20160816_1122_1/34,20160816_1122_1/42
256,3.14347147846,861.1111111111111,20160816_1122_1/17,20160816_1122_1/25,20160816_1122_1/30,20160816_1122_1/21,20160816_1122_1/31,20160816_1122_1/19,20160816_1122_1/27,20160816_1122_1/13,20160816_1122_1/14
259,4.93500532864,445.0,20160816_1122_1/26,20160816_1122_1/20,20160816_1122_1/18,20160816_1122_1/15,20160816_1122_1/16,20160816_1122_1/32,20160816_1122_1/24,20160816_1122_1/28
26,2.33770929482,480.0,20160816_1301_1/3,20160816_1301_1/0,20160816_1301_1/1
260,4.73334616563,624.0,20160816_1123_1/25,20160816_1123_1/26,20160816_1123_1/23,20160816_1123_1/27,20160816_1123_1/18
264,5.22706015983,687.1428571428571,20160816_1122_1/40,20160816_1122_1/41,20160816_1122_1/33,20160816_1122_1/43,20160816_1122_1/35,20160816_1122_1/48,20160816_1122_1/36
265,3.17956395987,1268.0,20160816_1121_1/42,20160816_1121_1/31,20160816_1121_1/47,20160816_1121_1/38,20160816_1121_1/32
268,3.36508196253,691.6666666666666,20160816_1122_1/0,20160816_1121_1/44,20160816_1121_1/48,20160816_1121_1/40,20160816_1122_1/10,20160816_1122_1/4
269,3.29954129566,904.2857142857143,20160816_1122_1/9,20160816_1122_1/12,20160816_1122_1/7,20160816_1122_1/11,20160816_1122_1/22,20160816_1122_1/3,20160816_1121_1/50
271,5.04858621177,788.0,20160816_1121_1/27,20160816_1121_1/22,20160816_1121_1/14,20160816_1121_1/18,20160816_1121_1/17
272,4.94509649944,904.2857142857143,20160816_1121_1/43,20160816_1122_1/8,20160816_1121_1/36,20160816_1121_1/41,20160816_1121_1/46,20160816_1121_1/34,20160816_1121_1/49
274,5.12222762423,350.0,20160816_1121_1/28,20160816_1121_1/24,20160816_1121_1/25,20160816_1121_1/13
275,4.97588169952,534.2857142857143,20160816_1121_1/23,20160816_1121_1/8,20160816_1121_1/16,20160816_1121_1/19,20160816_1121_1/7,20160816_1121_1/11,20160816_1121_1/12
277,4.89055573118,576.0,20160816_1121_1/9,20160816_1121_1/1,20160816_1121_1/5,20160816_1121_1/10,20160816_1121_1/0
28,2.71625878188,312.5,20160816_1300_1/27,20160816_1300_1/24,20160816_1300_1/22,20160816_1300_1/21
281,4.86518660557,367.5,20160816_1152_1/28,20160816_1152_1/27,20160816_1153_1/3,20160816_1153_1/4
282,5.05182470398,439.0,20160816_1153_1/1,20160816_1153_1/0,20160816_1152_1/30,20160816_1152_1/17,20160816_1152_1/29,20160816_1152_1/13,20160816_1152_1/24,20160816_1152_1/14,20160816_1152_1/25,20160816_1152_1/31
288,5.10746063719,530.0,20160816_1152_1/4,20160816_1152_1/7,20160816_1152_1/6,20160816_1152_1/8,20160816_1152_1/3,20160816_1152_1/5
289,4.88123750649,507.5,20160816_1151_1/7,20160816_1151_1/5,20160816_1151_1/4,20160816_1151_1/6
29,3.05553041658,346.6666666666667,20160816_1300_1/15,20160816_1300_1/10,20160816_1300_1/16,20160816_1300_1/17,20160816_1300_1/30,20160816_1300_1/12
297,5.30607947843,780.0,20160816_1143_1/4,20160816_1143_1/5,20160816_1143_1/3,20160816_1143_1/7
300,3.31267349099,826.6666666666666,20160816_1140_1/3,20160816_1140_1/10,20160816_1139_1/13,20160816_1140_1/4,20160816_1140_1/5,20160816_1140_1/8
302,3.2449350911,1010.0,20160816_1139_1/5,20160816_1139_1/6,20160816_1139_1/3,20160816_1139_1/10
303,3.39583797235,810.0,20160816_1141_1/8,20160816_1141_1/12,20160816_1141_1/9,20160816_1141_1/10,20160816_1142_1/3,20160816_1142_1/0,20160816_1142_1/1
305,3.56698703602,957.5,20160816_1142_1/10,20160816_1142_1/9,20160816_1142_1/8,20160816_1142_1/7
312,6.16705248448,356.6666666666667,20160816_1145_1/13,20160816_1145_1/18,20160816_1145_1/19
313,0.128475044721,322.0,20160816_1146_1/7,20160816_1146_1/4,20160816_1146_1/1,20160816_1146_1/2,20160816_1146_1/8
314,3.4261600282,597.5,20160816_1145_1/16,20160816_1145_1/20,20160816_1145_1/7,20160816_1145_1/9
315,3.80825116731,630.0,20160816_1145_1/31,20160816_1145_1/28,20160816_1145_1/39,20160816_1145_1/36,20160816_1145_1/23
318,3.31756341436,752.8571428571429,20160816_1143_1/13,20160816_1143_1/10,20160816_1143_1/9,20160816_1143_1/8,20160816_1143_1/6,20160816_1143_1/11,20160816_1143_1/12
319,3.37037924153,690.0,20160816_1142_1/20,20160816_1142_1/18,20160816_1143_1/2,20160816_1142_1/22,20160816_1142_1/23,20160816_1142_1/16
321,3.30393304326,660.0,20160816_1144_1/7,20160816_1144_1/4,20160816_1144_1/9,20160816_1144_1/8,20160816_1144_1/6,20160816_1144_1/5
323,3.44584937395,707.1428571428571,20160816_1144_1/11,20160816_1144_1/14,20160816_1144_1/10,20160816_1144_1/13,20160816_1144_1/16,20160816_1144_1/17,20160816_1144_1/12
325,4.95561110651,527.5,20160816_1144_1/18,20160816_1144_1/20,20160816_1144_1/22,20160816_1144_1/19
326,4.82078629624,502.85714285714283,20160816_1145_1/6,20160816_1145_1/3,20160816_1145_1/5,20160816_1144_1/24,20160816_1145_1/1,20160816_1144_1/25,20160816_1145_1/2
327,5.37547433382,640.0,20160816_1148_1/17,20160816_1148_1/14,20160816_1148_1/22
328,4.98598798904,592.5,20160816_1148_1/16,20160816_1148_1/23,20160816_1148_1/21,20160816_1148_1/20
329,5.14421122566,601.6666666666666,20160816_1148_1/8,20160816_1148_1/7,20160816_1148_1/3,20160816_1148_1/10,20160816_1148_1/1,20160816_1148_1/12
330,1.15865615671,250.0,20160816_1146_1/24,20160816_1146_1/20,20160816_1146_1/25
332,4.8149773878,550.0,20160816_1145_1/42,20160816_1145_1/38,20160816_1145_1/29,20160816_1145_1/33,20160816_1145_1/30,20160816_1145_1/32,20160816_1145_1/41,20160816_1145_1/44
333,4.87202638772,463.6363636363636,20160816_1145_1/21,20160816_1145_1/25,20160816_1145_1/8,20160816_1145_1/22,20160816_1145_1/27,20160816_1145_1/17,20160816_1145_1/11,20160816_1145_1/12,20160816_1145_1/10,20160816_1145_1/15,20160816_1145_1/14
334,5.17138654207,685.0,20160816_1146_1/15,20160816_1146_1/6,20160816_1146_1/10,20160816_1146_1/3
335,5.25719097394,517.5,20160816_1146_1/17,20160816_1146_1/16,20160816_1146_1/18,20160816_1146_1/19
336,4.68730230849,490.0,20160816_1147_1/6,20160816_1147_1/8,20160816_1147_1/7
337,4.9051954014,452.85714285714283,20160816_1147_1/2,20160816_1147_1/0,20160816_1146_1/27,20160816_1147_1/1,20160816_1147_1/4,20160816_1147_1/3,20160816_1146_1/26
338,5.49774821082,946.0,20160816_1158_1/12,20160816_1158_1/14,20160816_1158_1/11,20160816_1159_1/2,20160816_1158_1/8
339,5.1629002314,977.0,20160816_1159_1/26,20160816_1159_1/19,20160816_1159_1/17,20160816_1159_1/13,20160816_1159_1/24,20160816_1159_1/14,20160816_1159_1/18,20160816_1159_1/21,20160816_1159_1/25,20160816_1159_1/15
341,5.37539444803,800.0,20160816_1200_1/24,20160816_1200_1/16,20160816_1200_1/20,20160816_1200_1/21,20160816_1200_1/18,20160816_1200_1/19
342,5.21348779813,870.0,20160816_1200_1/3,20160816_1200_1/11,20160816_1200_1/6,20160816_1200_1/10,20160816_1200_1/13,20160816_1200_1/2,20160816_1200_1/7,20160816_1200_1/1,20160816_1200_1/12,20160816_1200_1/4
344,5.06858559726,852.5,20160816_1159_1/29,20160816_1159_1/28,20160816_1159_1/27,20160816_1159_1/31
350,4.98704123531,546.0,20160816_1201_1/15,20160816_1202_1/6,20160816_1202_1/2,20160816_1201_1/17,20160816_1202_1/8
352,5.21831961419,345.0,20160816_1202_1/21,20160816_1202_1/20,20160816_1202_1/15,20160816_1202_1/18
353,4.42206742716,290.0,20160816_1204_1/18,20160816_1204_1/13,20160816_1204_1/10,20160816_1204_1/17,20160816_1204_1/16,20160816_1204_1/7
360,5.21452760324,600.0,20160816_1204_1/24,20160816_1204_1/23,20160816_1204_1/20,20160816_1204_1/19
361,5.30803120188,336.6666666666667,20160816_1204_1/27,20160816_1204_1/29,20160816_1204_1/28
362,5.08081837258,712.5,20160816_1204_1/5,20160816_1204_1/12,20160816_1204_1/6,20160816_1204_1/14,20160816_1204_1/4,20160816_1204_1/11,20160816_1204_1/15,20160816_1204_1/8
363,5.38355059496,742.5,20160816_1203_1/5,20160816_1203_1/2,20160816_1203_1/11,20160816_1203_1/6
367,4.90554796037,833.3333333333334,20160816_1201_1/5,20160816_1201_1/6,20160816_1201_1/3
368,4.89756739809,846.6666666666666,20160816_1201_1/9,20160816_1201_1/12,20160816_1201_1/13,20160816_1201_1/10,20160816_1201_1/11,20160816_1201_1/14
371,5.30290841682,930.0,20160816_1202_1/9,20160816_1202_1/3,20160816_1202_1/5,20160816_1202_1/7,20160816_1202_1/4,20160816_1202_1/10,20160816_1202_1/1
374,4.5111001296,362.85714285714283,20160816_1207_1/14,20160816_1207_1/21,20160816_1207_1/19,20160816_1207_1/10,20160816_1207_1/18,20160816_1208_1/0,20160816_1207_1/25
378,0.642958182925,283.3333333333333,20160816_1207_1/27,20160816_1208_1/1,20160816_1207_1/17,20160816_1207_1/26,20160816_1207_1/20,20160816_1207_1/28
389,5.41374502274,682.0,20160816_1214_1/7,20160816_1214_1/8,20160816_1214_1/3,20160816_1214_1/6,20160816_1214_1/2
39,4.06416546287,300.0,20160816_1250_1/9,20160816_1250_1/8,20160816_1250_1/7,20160816_1250_1/4
390,5.39633717649,674.4444444444445,20160816_1215_1/4,20160816_1215_1/9,20160816_1215_1/14,20160816_1215_1/7,20160816_1215_1/5,20160816_1215_1/6,20160816_1215_1/0,20160816_1215_1/11,20160816_1215_1/2
393,5.44669948585,612.0,20160816_1210_1/14,20160816_1210_1/18,20160816_1210_1/21,20160816_1209_1/23,20160816_1210_1/0,20160816_1210_1/11,20160816_1209_1/30,20160816_1209_1/29,20160816_1210_1/4,20160816_1210_1/8
400,4.38714413023,266.0,20160816_1211_1/53,20160816_1211_1/62,20160816_1211_1/44,20160816_1211_1/45,20160816_1211_1/51
405,5.24542108642,564.1666666666666,20160816_1212_1/0,20160816_1212_1/14,20160816_1212_1/2,20160816_1212_1/17,20160816_1212_1/3,20160816_1212_1/10,20160816_1212_1/6,20160816_1212_1/7,20160816_1212_1/8,20160816_1211_1/69,20160816_1212_1/1,20160816_1212_1/12
407,5.02941527041,656.25,20160816_1211_1/59,20160816_1211_1/61,20160816_1211_1/64,20160816_1211_1/55,20160816_1211_1/54,20160816_1211_1/66,20160816_1211_1/46,20160816_1211_1/58
411,5.28334934624,565.0,20160816_1213_1/22,20160816_1213_1/10,20160816_1213_1/13,20160816_1213_1/18
413,3.73890688359,776.0,20160816_1209_1/15,20160816_1209_1/16,20160816_1209_1/28,20160816_1209_1/22,20160816_1210_1/1
415,3.8667876907,602.0,20160816_1211_1/30,20160816_1211_1/20,20160816_1211_1/1,20160816_1210_1/43,20160816_1211_1/21
416,3.86348838189,511.6666666666667,20160816_1211_1/10,20160816_1211_1/17,20160816_1211_1/15,20160816_1211_1/16,20160816_1211_1/11,20160816_1210_1/36
418,5.04311959029,713.75,20160816_1210_1/9,20160816_1210_1/10,20160816_1209_1/21,20160816_1210_1/2,20160816_1210_1/3,20160816_1210_1/7,20160816_1210_1/5,20160816_1210_1/6
419,4.70965504154,354.0,20160816_1209_1/19,20160816_1209_1/18,20160816_1209_1/8,20160816_1209_1/20,20160816_1209_1/9
422,5.00857061584,468.0,20160816_1211_1/57,20160816_1211_1/60,20160816_1211_1/52,20160816_1211_1/63,20160816_1211_1/49
424,5.12550982307,454.2857142857143,20160816_1211_1/29,20160816_1211_1/37,20160816_1211_1/13,20160816_1211_1/26,20160816_1211_1/18,20160816_1211_1/27,20160816_1211_1/32
427,5.16266880434,662.8571428571429,20160816_1211_1/2,20160816_1210_1/37,20160816_1211_1/8,20160816_1211_1/4,20160816_1210_1/44,20160816_1210_1/40,20160816_1210_1/45
430,5.89435450698,492.0,20160816_1337_1/2,20160816_1336_1/9,20160816_1336_1/11,20160816_1336_1/13,20160816_1336_1/10
44,4.61614754216,308.0,20160816_1251_1/5,20160816_1251_1/13,20160816_1251_1/12,20160816_1251_1/11,20160816_1251_1/10
440,5.75870656656,562.8571428571429,20160816_1335_1/13,20160816_1335_1/18,20160816_1335_1/10,20160816_1335_1/19,20160816_1335_1/16,20160816_1335_1/6,20160816_1335_1/22
446,5.77916838637,606.0,20160816_1330_1/11,20160816_1330_1/8,20160816_1330_1/9,20160816_1330_1/7,20160816_1330_1/12
447,5.69804760703,696.0,20160816_1330_1/2,20160816_1330_1/4,20160816_1330_1/1,20160816_1330_1/6,20160816_1330_1/5
455,5.74449786179,434.0,20160816_1332_1/16,20160816_1332_1/12,20160816_1332_1/13,20160816_1332_1/14,20160816_1332_1/11
459,5.74007149914,548.0,20160816_1346_1/8,20160816_1346_1/4,20160816_1346_1/6,20160816_1346_1/5,20160816_1346_1/3
465,5.81379526035,680.0,20160816_1345_1/27,20160816_1345_1/21,20160816_1345_1/28,20160816_1345_1/23,20160816_1345_1/29
467,1.56177618936,579.0909090909091,20160816_1347_1/0,20160816_1346_1/18,20160816_1347_1/6,20160816_1347_1/1,20160816_1347_1/7,20160816_1347_1/2,20160816_1347_1/9,20160816_1346_1/17,20160816_1347_1/3,20160816_1347_1/8,20160816_1347_1/10
47,5.56561702743,512.5,20160816_1241_1/9,20160816_1241_1/5,20160816_1241_1/4,20160816_1241_1/6
473,1.29006557566,575.0,20160816_1344_1/9,20160816_1344_1/11,20160816_1344_1/14,20160816_1344_1/12
475,1.38189570508,723.3333333333334,20160816_1345_1/10,20160816_1345_1/17,20160816_1345_1/7,20160816_1345_1/5,20160816_1345_1/9,20160816_1345_1/15
476,1.42328822292,644.2857142857143,20160816_1345_1/13,20160816_1345_1/22,20160816_1345_1/26,20160816_1345_1/24,20160816_1345_1/11,20160816_1345_1/19,20160816_1345_1/20
477,6.01392382266,568.5714285714286,20160816_1340_1/6,20160816_1340_1/4,20160816_1340_1/5,20160816_1340_1/13,20160816_1340_1/11,20160816_1340_1/10,20160816_1340_1/12
48,5.498786857,672.5,20160816_1241_1/22,20160816_1241_1/15,20160816_1241_1/20,20160816_1241_1/24,20160816_1241_1/19,20160816_1241_1/13,20160816_1241_1/27,20160816_1241_1/18
481,5.87152283868,425.0,20160816_1340_1/3,20160816_1340_1/0,20160816_1340_1/1,20160816_1339_1/7
494,5.94826420657,460.0,20160816_1342_1/17,20160816_1342_1/13,20160816_1342_1/14,20160816_1342_1/11
495,5.8062509413,714.0,20160816_1342_1/8,20160816_1342_1/5,20160816_1342_1/7,20160816_1342_1/9,20160816_1342_1/2
505,5.74126995447,828.5714285714286,20160816_1322_1/22,20160816_1322_1/27,20160816_1322_1/17,20160816_1322_1/25,20160816_1322_1/16,20160816_1322_1/15,20160816_1322_1/18
506,5.28246161568,897.5,20160816_1322_1/7,20160816_1322_1/8,20160816_1322_1/10,20160816_1322_1/11
508,5.67729969476,940.0,20160816_1320_1/15,20160816_1320_1/11,20160816_1320_1/13,20160816_1320_1/12
509,5.51196756352,585.0,20160816_1321_1/16,20160816_1322_1/4,20160816_1321_1/13,20160816_1321_1/14,20160816_1321_1/15,20160816_1321_1/17
510,5.6554229813,961.25,20160816_1321_1/1,20160816_1321_1/7,20160816_1321_1/9,20160816_1321_1/10,20160816_1321_1/12,20160816_1321_1/3,20160816_1321_1/5,20160816_1321_1/8
511,5.62612107831,936.6666666666666,20160816_1321_1/20,20160816_1321_1/19,20160816_1321_1/18,20160816_1322_1/5,20160816_1322_1/2,20160816_1322_1/3
521,5.71103808796,936.25,20160816_1325_1/8,20160816_1325_1/4,20160816_1325_1/10,20160816_1325_1/11,20160816_1325_1/5,20160816_1325_1/12,20160816_1325_1/9,20160816_1325_1/7
527,4.71209482602,265.0,20160816_1315_1/6,20160816_1315_1/4,20160816_1315_1/13,20160816_1315_1/7
538,2.96579987978,477.5,20160816_1311_1/6,20160816_1311_1/1,20160816_1311_1/4,20160816_1311_1/3
54,5.01433944176,265.0,20160816_1244_1/2,20160816_1244_1/12,20160816_1244_1/9,20160816_1244_1/10
540,2.18521360295,1048.0,20160816_1310_1/5,20160816_1310_1/0,20160816_1310_1/3,20160816_1310_1/10,20160816_1310_1/9
541,4.61365599927,266.6666666666667,20160816_1310_1/7,20160816_1309_1/12,20160816_1309_1/10,20160816_1309_1/6,20160816_1310_1/2,20160816_1309_1/11
543,4.3941282584,320.0,20160816_1310_1/18,20160816_1310_1/16,20160816_1310_1/25,20160816_1310_1/27,20160816_1310_1/20
544,4.85685141938,276.6666666666667,20160816_1310_1/13,20160816_1310_1/14,20160816_1310_1/23
545,5.18447078757,263.3333333333333,20160816_1308_1/3,20160816_1308_1/5,20160816_1308_1/7,20160816_1308_1/4,20160816_1308_1/6,20160816_1308_1/2
548,4.9504188361,256.6666666666667,20160816_1309_1/4,20160816_1309_1/3,20160816_1309_1/2
55,4.76267303567,344.44444444444446,20160816_1245_1/0,20160816_1245_1/3,20160816_1245_1/5,20160816_1245_1/1,20160816_1245_1/2,20160816_1245_1/7,20160816_1245_1/6,20160816_1245_1/8,20160816_1244_1/19
554,6.2690831496,712.0,20160816_1424_1/23,20160816_1424_1/25,20160816_1424_1/21,20160816_1424_1/22,20160816_1424_1/24
555,6.08308494594,662.0,20160816_1424_1/0,20160816_1424_1/15,20160816_1424_1/30,20160816_1424_1/5,20160816_1424_1/3,20160816_1424_1/12,20160816_1424_1/9,20160816_1423_1/26,20160816_1424_1/18,20160816_1424_1/6
556,6.18626975561,552.0,20160816_1423_1/4,20160816_1423_1/9,20160816_1423_1/13,20160816_1423_1/12,20160816_1423_1/22,20160816_1423_1/11,20160816_1423_1/10,20160816_1423_1/14,20160816_1423_1/8,20160816_1423_1/7
557,0.00279289198777,602.5,20160816_1423_1/24,20160816_1423_1/16,20160816_1423_1/25,20160816_1423_1/23
558,6.10520165616,610.0,20160816_1423_1/5,20160816_1423_1/18,20160816_1423_1/19,20160816_1423_1/17
560,6.1161391914,765.0,20160816_1424_1/20,20160816_1424_1/4,20160816_1424_1/7,20160816_1424_1/2
561,6.20357260754,753.3333333333334,20160816_1424_1/11,20160816_1424_1/13,20160816_1424_1/17,20160816_1424_1/14,20160816_1424_1/10,20160816_1424_1/16
567,6.08487288976,572.5,20160816_1424_1/29,20160816_1424_1/27,20160816_1424_1/37,20160816_1424_1/32,20160816_1424_1/36,20160816_1424_1/31,20160816_1424_1/35,20160816_1424_1/26
570,0.0163943743311,808.0,20160816_1420_1/23,20160816_1420_1/20,20160816_1420_1/25,20160816_1420_1/24,20160816_1420_1/21
571,6.05513826349,440.0,20160816_1419_1/39,20160816_1419_1/29,20160816_1419_1/35,20160816_1419_1/30
572,6.12726523587,421.25,20160816_1419_1/50,20160816_1419_1/38,20160816_1419_1/53,20160816_1419_1/45,20160816_1419_1/58,20160816_1419_1/54,20160816_1419_1/52,20160816_1419_1/47
573,5.98174768302,482.22222222222223,20160816_1420_1/10,20160816_1420_1/4,20160816_1420_1/8,20160816_1420_1/6,20160816_1419_1/51,20160816_1420_1/1,20160816_1420_1/15,20160816_1420_1/11,20160816_1420_1/12
575,5.9190575474,665.0,20160816_1420_1/45,20160816_1421_1/3,20160816_1421_1/0,20160816_1421_1/4
576,6.19236400897,636.25,20160816_1420_1/41,20160816_1420_1/33,20160816_1420_1/34,20160816_1420_1/38,20160816_1420_1/28,20160816_1420_1/27,20160816_1420_1/31,20160816_1420_1/39
577,6.08548120217,516.0,20160816_1418_1/61,20160816_1418_1/56,20160816_1418_1/62,20160816_1418_1/54,20160816_1418_1/58
578,6.10341043831,535.0,20160816_1418_1/49,20160816_1418_1/46,20160816_1418_1/28,20160816_1418_1/36,20160816_1418_1/43,20160816_1418_1/41,20160816_1418_1/30,20160816_1418_1/47
581,6.16641842949,558.5714285714286,20160816_1418_1/5,20160816_1418_1/24,20160816_1418_1/16,20160816_1418_1/19,20160816_1418_1/17,20160816_1418_1/21,20160816_1418_1/7
584,6.17692316654,498.0,20160816_1418_1/20,20160816_1418_1/9,20160816_1418_1/18,20160816_1418_1/11,20160816_1418_1/8
589,5.87509655236,623.3333333333334,20160816_1419_1/17,20160816_1419_1/22,20160816_1419_1/21
590,6.19304012001,546.6666666666666,20160816_1420_1/14,20160816_1419_1/61,20160816_1420_1/13,20160816_1420_1/7,20160816_1420_1/2,20160816_1420_1/0
591,6.01436468468,513.3333333333334,20160816_1419_1/31,20160816_1419_1/32,20160816_1419_1/36,20160816_1419_1/27,20160816_1419_1/23,20160816_1419_1/28
592,6.03738568697,543.75,20160816_1419_1/20,20160816_1419_1/11,20160816_1419_1/48,20160816_1419_1/56,20160816_1419_1/57,20160816_1419_1/40,20160816_1419_1/43,20160816_1419_1/46
593,5.89101769902,582.0,20160816_1419_1/41,20160816_1419_1/44,20160816_1419_1/33,20160816_1419_1/37,20160816_1419_1/26
594,6.2239215232,402.5,20160816_1418_1/48,20160816_1418_1/64,20160816_1418_1/55,20160816_1419_1/0
595,6.17711836129,570.0,20160816_1418_1/34,20160816_1418_1/31,20160816_1418_1/35,20160816_1418_1/40,20160816_1418_1/52,20160816_1418_1/37
598,5.94813794816,591.6666666666666,20160816_1418_1/53,20160816_1418_1/57,20160816_1418_1/66,20160816_1418_1/32,20160816_1418_1/63,20160816_1418_1/60
600,6.22912034473,502.0,20160816_1419_1/9,20160816_1419_1/13,20160816_1419_1/19,20160816_1419_1/10,20160816_1419_1/15
601,6.22014543927,555.0,20160816_1418_1/38,20160816_1418_1/14,20160816_1418_1/15,20160816_1418_1/10,20160816_1418_1/6,20160816_1418_1/27
602,6.18756281437,811.25,20160816_1417_1/26,20160816_1418_1/0,20160816_1417_1/31,20160816_1417_1/30,20160816_1417_1/32,20160816_1418_1/1,20160816_1418_1/4,20160816_1417_1/29
605,6.27351821268,684.5454545454545,20160816_1417_1/15,20160816_1417_1/19,20160816_1417_1/17,20160816_1417_1/9,20160816_1417_1/16,20160816_1417_1/20,20160816_1417_1/18,20160816_1417_1/22,20160816_1417_1/14,20160816_1417_1/12,20160816_1417_1/10
606,5.88789611405,524.2857142857143,20160816_1417_1/8,20160816_1416_1/18,20160816_1417_1/4,20160816_1417_1/3,20160816_1417_1/5,20160816_1417_1/1,20160816_1417_1/6
607,6.14776346735,520.0,20160816_1416_1/4,20160816_1416_1/1,20160816_1415_1/27,20160816_1415_1/24
610,6.03480941157,561.6666666666666,20160816_1415_1/7,20160816_1415_1/13,20160816_1415_1/17,20160816_1415_1/10,20160816_1415_1/9,20160816_1415_1/14
611,6.0017904633,662.0,20160816_1415_1/2,20160816_1415_1/5,20160816_1415_1/4,20160816_1415_1/6,20160816_1415_1/1
613,5.96926746301,500.0,20160816_1416_1/8,20160816_1415_1/26,20160816_1416_1/3,20160816_1415_1/23,20160816_1416_1/5,20160816_1416_1/6,20160816_1416_1/2,20160816_1416_1/0
614,6.01379588532,663.3333333333334,20160816_1415_1/20,20160816_1415_1/12,20160816_1415_1/16,20160816_1415_1/19,20160816_1415_1/21,20160816_1415_1/22
616,5.97372567595,482.0,20160816_1411_1/3,20160816_1411_1/4,20160816_1411_1/5,20160816_1410_1/15,20160816_1411_1/2
618,5.96930870355,628.0,20160816_1410_1/16,20160816_1410_1/18,20160816_1411_1/0,20160816_1410_1/19,20160816_1410_1/13
619,5.92020999866,540.0,20160816_1410_1/12,20160816_1410_1/10,20160816_1410_1/5,20160816_1410_1/9
620,0.0665408665234,432.5,20160816_1413_1/3,20160816_1413_1/1,20160816_1413_1/2,20160816_1413_1/4
621,6.2462290485,460.0,20160816_1412_1/8,20160816_1412_1/1,20160816_1412_1/7,20160816_1412_1/2,20160816_1412_1/6,20160816_1412_1/4,20160816_1412_1/0,20160816_1412_1/5
623,6.17035169633,521.25,20160816_1411_1/13,20160816_1411_1/16,20160816_1411_1/11,20160816_1411_1/19,20160816_1411_1/14,20160816_1411_1/10,20160816_1411_1/17,20160816_1411_1/18
630,5.92268619684,597.5,20160816_1408_1/4,20160816_1407_1/27,20160816_1407_1/21,20160816_1407_1/26,20160816_1407_1/23,20160816_1407_1/20,20160816_1408_1/3,20160816_1407_1/24
631,6.0039843607,497.5,20160816_1408_1/1,20160816_1407_1/25,20160816_1408_1/2,20160816_1407_1/22,20160816_1408_1/0,20160816_1408_1/10,20160816_1408_1/7,20160816_1408_1/6
634,6.02428677015,566.9230769230769,20160816_1408_1/17,20160816_1409_1/1,20160816_1408_1/18,20160816_1408_1/15,20160816_1409_1/3,20160816_1409_1/5,20160816_1409_1/8,20160816_1409_1/2,20160816_1409_1/0,20160816_1408_1/16,20160816_1409_1/11,20160816_1409_1/4,20160816_1409_1/9
638,6.07669382453,434.0,20160816_1407_1/3,20160816_1407_1/5,20160816_1407_1/2,20160816_1407_1/6,20160816_1407_1/8
640,6.00473184044,403.3333333333333,20160816_1406_1/11,20160816_1406_1/12,20160816_1406_1/10,20160816_1406_1/8,20160816_1406_1/9,20160816_1406_1/7
642,5.99459083727,380.0,20160816_1406_1/13,20160816_1406_1/17,20160816_1406_1/24,20160816_1406_1/21,20160816_1406_1/22,20160816_1406_1/15,20160816_1406_1/19
646,5.9411892493,528.5714285714286,20160816_1350_1/22,20160816_1351_1/0,20160816_1351_1/3,20160816_1351_1/1,20160816_1350_1/23,20160816_1350_1/21,20160816_1351_1/2
647,5.88857753868,512.0,20160816_1351_1/5,20160816_1351_1/15,20160816_1351_1/11,20160816_1351_1/7,20160816_1351_1/13
648,6.09092598797,542.5,20160816_1350_1/5,20160816_1350_1/8,20160816_1350_1/6,20160816_1350_1/7
649,5.9345204584,538.5714285714286,20160816_1350_1/14,20160816_1350_1/15,20160816_1350_1/13,20160816_1350_1/16,20160816_1350_1/18,20160816_1350_1/10,20160816_1350_1/19
653,5.83861388992,433.3333333333333,20160816_1354_1/4,20160816_1354_1/7,20160816_1354_1/6,20160816_1354_1/8,20160816_1354_1/5,20160816_1354_1/3
657,5.87265886344,670.0,20160816_1355_1/12,20160816_1355_1/4,20160816_1355_1/14,20160816_1355_1/11
658,6.05126423535,442.5,20160816_1353_1/7,20160816_1353_1/10,20160816_1353_1/8,20160816_1353_1/9
662,5.92575880282,725.0,20160816_1403_1/22,20160816_1404_1/7,20160816_1403_1/28,20160816_1403_1/25,20160816_1403_1/19,20160816_1404_1/3
664,5.97571818914,511.0,20160816_1404_1/10,20160816_1403_1/23,20160816_1404_1/6,20160816_1404_1/1,20160816_1404_1/2,20160816_1403_1/17,20160816_1404_1/13,20160816_1403_1/29,20160816_1403_1/26,20160816_1403_1/20
665,6.26541818167,627.1428571428571,20160816_1403_1/13,20160816_1404_1/0,20160816_1403_1/14,20160816_1403_1/15,20160816_1403_1/11,20160816_1403_1/16,20160816_1403_1/12
668,0.0646260243735,604.0,20160816_1403_1/24,20160816_1403_1/4,20160816_1403_1/6,20160816_1403_1/21,20160816_1403_1/7
669,5.98711932448,484.54545454545456,20160816_1402_1/12,20160816_1402_1/16,20160816_1402_1/17,20160816_1402_1/24,20160816_1402_1/14,20160816_1402_1/11,20160816_1402_1/19,20160816_1402_1/10,20160816_1402_1/22,20160816_1402_1/21,20160816_1402_1/15
670,6.14608693665,557.5,20160816_1401_1/11,20160816_1402_1/7,20160816_1401_1/16,20160816_1401_1/15
672,5.98978468528,623.3333333333334,20160816_1402_1/3,20160816_1402_1/1,20160816_1401_1/20,20160816_1402_1/5,20160816_1402_1/8,20160816_1402_1/2,20160816_1402_1/0,20160816_1402_1/6,20160816_1401_1/19
674,6.04572903364,697.5,20160816_1401_1/6,20160816_1401_1/5,20160816_1401_1/3,20160816_1401_1/7
678,3.12522443307,315.0,20160816_1359_1/22,20160816_1359_1/23,20160816_1359_1/27,20160816_1359_1/13
68,4.56070306167,356.6666666666667,20160816_1246_1/16,20160816_1246_1/17,20160816_1246_1/14
682,5.94734007036,573.75,20160816_1359_1/4,20160816_1359_1/16,20160816_1359_1/17,20160816_1359_1/2,20160816_1359_1/20,20160816_1359_1/18,20160816_1358_1/19,20160816_1359_1/7
685,6.1176835814,397.5,20160816_1359_1/1,20160816_1359_1/3,20160816_1358_1/18,20160816_1359_1/0
686,5.97892936941,440.0,20160816_1359_1/11,20160816_1359_1/9,20160816_1359_1/5,20160816_1359_1/6,20160816_1359_1/8
688,5.95747714062,541.6666666666666,20160816_1359_1/37,20160816_1359_1/34,20160816_1359_1/39,20160816_1359_1/36,20160816_1359_1/38,20160816_1359_1/35
689,6.00714023573,545.7142857142857,20160816_1357_1/13,20160816_1357_1/10,20160816_1358_1/4,20160816_1357_1/11,20160816_1358_1/5,20160816_1358_1/0,20160816_1357_1/12
691,5.76402663462,574.0,20160816_1358_1/13,20160816_1358_1/3,20160816_1358_1/16,20160816_1358_1/15,20160816_1358_1/12
695,6.10483162507,606.1538461538462,20160816_1356_1/20,20160816_1356_1/17,20160816_1356_1/15,20160816_1356_1/16,20160816_1357_1/0,20160816_1356_1/23,20160816_1356_1/12,20160816_1356_1/21,20160816_1356_1/11,20160816_1356_1/14,20160816_1356_1/18,20160816_1356_1/10,20160816_1356_1/13
696,6.23278135752,593.3333333333334,20160816_1356_1/3,20160816_1356_1/5,20160816_1356_1/6,20160816_1356_1/8,20160816_1356_1/4,20160816_1356_1/7
697,6.23069919905,511.6666666666667,20160816_1355_1/13,20160816_1356_1/2,20160816_1355_1/16,20160816_1355_1/19,20160816_1356_1/0,20160816_1355_1/15
70,4.27698320689,260.0,20160816_1246_1/2,20160816_1245_1/16,20160816_1246_1/0
710,3.43496630967,940.0,20160816_1653_1/3,20160816_1653_1/1,20160816_1653_1/2,20160816_1653_1/4
715,3.0855159272,922.0,20160816_1652_1/8,20160816_1652_1/6,20160816_1652_1/9,20160816_1652_1/2,20160816_1652_1/5
721,3.08492312711,784.0,20160816_1615_1/28,20160816_1615_1/23,20160816_1615_1/22,20160816_1615_1/27,20160816_1615_1/30
729,2.81312774067,786.6666666666666,20160816_1622_1/16,20160816_1622_1/15,20160816_1623_1/1
738,6.1665340834,330.0,20160816_1620_1/9,20160816_1620_1/13,20160816_1619_1/14,20160816_1620_1/14
740,1.9396127595,431.6666666666667,20160816_1621_1/2,20160816_1621_1/9,20160816_1621_1/10,20160816_1620_1/22,20160816_1621_1/1,20160816_1620_1/21
751,3.04218889527,982.5,20160816_1640_1/19,20160816_1640_1/18,20160816_1640_1/11,20160816_1640_1/10
752,3.04102506072,1064.4444444444443,20160816_1640_1/9,20160816_1640_1/8,20160816_1640_1/6,20160816_1640_1/12,20160816_1640_1/7,20160816_1640_1/13,20160816_1640_1/3,20160816_1640_1/5,20160816_1640_1/4
755,3.04503657056,674.2857142857143,20160816_1641_1/0,20160816_1640_1/16,20160816_1640_1/17,20160816_1640_1/15,20160816_1641_1/1,20160816_1641_1/2,20160816_1640_1/14
764,5.9269125426,280.0,20160816_1630_1/8,20160816_1630_1/7,20160816_1630_1/5,20160816_1630_1/4,20160816_1630_1/3
77,5.69974572784,462.0,20160816_1217_1/0,20160816_1217_1/4,20160816_1217_1/9,20160816_1217_1/1,20160816_1217_1/3
770,5.70163344341,742.5,20160816_1628_1/12,20160816_1628_1/4,20160816_1628_1/9,20160816_1628_1/11
789,4.79463591656,400.0,20160816_1631_1/0,20160816_1631_1/6,20160816_1631_1/5
79,5.34514917029,560.0,20160816_1218_1/8,20160816_1218_1/12,20160816_1218_1/14,20160816_1218_1/13
795,0.431206677433,714.0,20160816_1608_1/40,20160816_1608_1/31,20160816_1608_1/32,20160816_1608_1/37,20160816_1608_1/41
796,0.305549782393,614.0,20160816_1609_1/3,20160816_1609_1/1,20160816_1609_1/7,20160816_1609_1/5,20160816_1609_1/8
797,0.331529055353,776.0,20160816_1608_1/25,20160816_1608_1/23,20160816_1608_1/29,20160816_1608_1/24,20160816_1608_1/27
798,0.428008172527,577.5,20160816_1609_1/17,20160816_1609_1/14,20160816_1609_1/20,20160816_1609_1/11
80,5.40028729843,345.0,20160816_1218_1/29,20160816_1218_1/28,20160816_1218_1/30,20160816_1218_1/19
801,4.16297045458,550.0,20160816_1609_1/46,20160816_1609_1/50,20160816_1609_1/47
809,5.44925714948,335.7142857142857,20160816_1611_1/3,20160816_1611_1/4,20160816_1610_1/25,20160816_1610_1/27,20160816_1610_1/26,20160816_1610_1/28,20160816_1610_1/24
815,0.345238991216,805.0,20160816_1609_1/2,20160816_1608_1/44,20160816_1608_1/48,20160816_1609_1/4
816,0.499396335647,492.0,20160816_1609_1/26,20160816_1609_1/31,20160816_1609_1/30,20160816_1609_1/24,20160816_1609_1/25
817,0.442623556795,511.25,20160816_1609_1/27,20160816_1609_1/18,20160816_1609_1/21,20160816_1609_1/16,20160816_1609_1/10,20160816_1609_1/19,20160816_1609_1/13,20160816_1609_1/9
819,0.352771296617,556.6666666666666,20160816_1609_1/51,20160816_1609_1/43,20160816_1609_1/38,20160816_1609_1/44,20160816_1609_1/49,20160816_1610_1/1
820,0.464033277597,575.0,20160816_1610_1/5,20160816_1610_1/0,20160816_1610_1/4,20160816_1610_1/6,20160816_1610_1/8,20160816_1610_1/3
822,0.470321712613,597.5,20160816_1610_1/9,20160816_1610_1/13,20160816_1610_1/11,20160816_1610_1/18
832,0.532372981507,320.0,20160816_1601_1/2,20160816_1601_1/10,20160816_1600_1/42,20160816_1601_1/8
840,0.266111471467,521.8181818181819,20160816_1600_1/21,20160816_1600_1/9,20160816_1600_1/12,20160816_1600_1/14,20160816_1600_1/26,20160816_1600_1/17,20160816_1600_1/16,20160816_1600_1/20,20160816_1600_1/22,20160816_1600_1/0,20160816_1600_1/6
841,4.92277350715,957.5,20160816_1601_1/21,20160816_1601_1/16,20160816_1601_1/15,20160816_1601_1/7
844,0.232191035419,700.0,20160816_1600_1/1,20160816_1559_1/41,20160816_1559_1/32,20160816_1600_1/2,20160816_1559_1/31
845,0.561187215242,545.0,20160816_1559_1/10,20160816_1559_1/29,20160816_1559_1/6,20160816_1559_1/9
847,0.60417275945,476.6666666666667,20160816_1600_1/10,20160816_1559_1/39,20160816_1559_1/40
850,0.283388663383,622.2222222222222,20160816_1559_1/30,20160816_1559_1/28,20160816_1559_1/25,20160816_1559_1/34,20160816_1559_1/26,20160816_1559_1/23,20160816_1559_1/17,20160816_1559_1/12,20160816_1559_1/36
856,0.120236779171,804.0,20160816_1606_1/23,20160816_1606_1/26,20160816_1606_1/27,20160816_1606_1/24,20160816_1606_1/19
857,0.248108280159,675.7142857142857,20160816_1606_1/29,20160816_1606_1/31,20160816_1606_1/38,20160816_1606_1/39,20160816_1606_1/34,20160816_1606_1/33,20160816_1606_1/36
859,0.311697518697,730.0,20160816_1607_1/14,20160816_1607_1/17,20160816_1607_1/7,20160816_1607_1/6
860,0.230608931705,771.25,20160816_1607_1/4,20160816_1607_1/3,20160816_1606_1/40,20160816_1607_1/5,20160816_1607_1/1,20160816_1606_1/41,20160816_1607_1/2,20160816_1607_1/26
863,3.71673632499,352.5,20160816_1604_1/23,20160816_1604_1/42,20160816_1604_1/40,20160816_1604_1/22
864,0.230416388279,517.1428571428571,20160816_1605_1/24,20160816_1605_1/10,20160816_1605_1/25,20160816_1605_1/19,20160816_1605_1/7,20160816_1605_1/8,20160816_1605_1/14
866,0.461786224491,586.6666666666666,20160816_1606_1/3,20160816_1605_1/33,20160816_1605_1/23,20160816_1605_1/37,20160816_1606_1/6,20160816_1606_1/2
867,0.552643559422,527.6923076923077,20160816_1603_1/2,20160816_1603_1/13,20160816_1603_1/10,20160816_1602_1/34,20160816_1602_1/43,20160816_1602_1/41,20160816_1602_1/40,20160816_1602_1/39,20160816_1602_1/33,20160816_1602_1/26,20160816_1602_1/29,20160816_1603_1/5,20160816_1603_1/6
869,0.349980387082,571.6666666666666,20160816_1603_1/19,20160816_1603_1/15,20160816_1603_1/27,20160816_1603_1/28,20160816_1603_1/25,20160816_1603_1/20
871,0.10626826434,740.9090909090909,20160816_1603_1/38,20160816_1603_1/56,20160816_1603_1/47,20160816_1603_1/40,20160816_1603_1/39,20160816_1603_1/50,20160816_1603_1/58,20160816_1603_1/43,20160816_1603_1/46,20160816_1603_1/55,20160816_1603_1/57
887,0.131381376198,312.5,20160816_1605_1/34,20160816_1605_1/18,20160816_1605_1/20,20160816_1606_1/0
891,5.82070087517,682.0,20160816_1606_1/13,20160816_1606_1/17,20160816_1606_1/16,20160816_1606_1/18,20160816_1606_1/14
892,0.0647435883932,352.5,20160816_1604_1/51,20160816_1604_1/43,20160816_1604_1/44,20160816_1604_1/49
893,0.172739820842,529.3333333333334,20160816_1604_1/18,20160816_1604_1/28,20160816_1604_1/15,20160816_1604_1/34,20160816_1604_1/38,20160816_1604_1/29,20160816_1604_1/12,20160816_1604_1/35,20160816_1604_1/31,20160816_1604_1/41,20160816_1604_1/30,20160816_1604_1/45,20160816_1604_1/27,20160816_1604_1/39,20160816_1604_1/24
894,0.48117564556,456.6666666666667,20160816_1606_1/35,20160816_1606_1/32,20160816_1606_1/30
899,4.76606665774,653.3333333333334,20160816_1553_1/9,20160816_1553_1/18,20160816_1553_1/19
902,0.313346819943,683.75,20160816_1552_1/5,20160816_1552_1/10,20160816_1552_1/25,20160816_1552_1/19,20160816_1552_1/20,20160816_1552_1/18,20160816_1552_1/9,20160816_1552_1/11
907,4.79348309871,977.5,20160816_1553_1/11,20160816_1553_1/13,20160816_1553_1/15,20160816_1553_1/12
909,0.250404148365,510.0,20160816_1550_1/38,20160816_1550_1/47,20160816_1550_1/44,20160816_1550_1/41
910,0.418890329912,571.8181818181819,20160816_1550_1/22,20160816_1550_1/18,20160816_1550_1/29,20160816_1550_1/12,20160816_1550_1/24,20160816_1550_1/25,20160816_1550_1/28,20160816_1550_1/30,20160816_1550_1/5,20160816_1550_1/15,20160816_1550_1/8
911,0.327041420936,624.0,20160816_1549_1/5,20160816_1549_1/15,20160816_1549_1/10,20160816_1549_1/23,20160816_1549_1/26
914,0.410454769057,397.5,20160816_1549_1/33,20160816_1549_1/25,20160816_1549_1/28,20160816_1549_1/32
918,0.450160490953,600.0,20160816_1551_1/38,20160816_1551_1/34,20160816_1551_1/36,20160816_1551_1/30,20160816_1551_1/33,20160816_1551_1/37
920,0.296429284779,603.125,20160816_1551_1/6,20160816_1550_1/53,20160816_1551_1/9,20160816_1550_1/52,20160816_1551_1/14,20160816_1551_1/3,20160816_1551_1/5,20160816_1551_1/27,20160816_1551_1/21,20160816_1550_1/54,20160816_1551_1/31,20160816_1551_1/8,20160816_1551_1/2,20160816_1551_1/19,20160816_1551_1/11,20160816_1551_1/16
922,0.375186345155,476.0,20160816_1550_1/48,20160816_1550_1/49,20160816_1550_1/45,20160816_1550_1/43,20160816_1550_1/50
929,0.171103708983,456.0,20160816_1555_1/29,20160816_1555_1/26,20160816_1555_1/27,20160816_1555_1/20,20160816_1555_1/31
930,0.249413303722,558.5714285714286,20160816_1555_1/7,20160816_1555_1/24,20160816_1555_1/19,20160816_1555_1/11,20160816_1555_1/13,20160816_1555_1/8,20160816_1555_1/21
931,0.213476586911,582.7272727272727,20160816_1554_1/50,20160816_1554_1/44,20160816_1554_1/47,20160816_1554_1/55,20160816_1554_1/49,20160816_1554_1/53,20160816_1554_1/56,20160816_1554_1/57,20160816_1554_1/43,20160816_1555_1/3,20160816_1554_1/61
934,3.61067948969,310.0,20160816_1553_1/31,20160816_1553_1/30,20160816_1553_1/32
938,4.91490362143,1033.3333333333333,20160816_1554_1/24,20160816_1554_1/27,20160816_1554_1/28
939,0.0754250389268,535.0,20160816_1554_1/38,20160816_1554_1/37,20160816_1554_1/48,20160816_1554_1/42
942,3.46670017427,410.0,20160816_1554_1/16,20160816_1554_1/26,20160816_1554_1/19,20160816_1554_1/13
943,3.53722772032,325.7142857142857,20160816_1554_1/4,20160816_1554_1/12,20160816_1554_1/1,20160816_1554_1/5,20160816_1554_1/3,20160816_1554_1/0,20160816_1554_1/11
944,3.68450603013,290.0,20160816_1553_1/42,20160816_1553_1/41,20160816_1553_1/38,20160816_1553_1/33,20160816_1553_1/44,20160816_1553_1/37,20160816_1553_1/36,20160816_1553_1/47,20160816_1553_1/40
946,6.23707053423,752.5,20160816_1555_1/44,20160816_1555_1/41,20160816_1555_1/45,20160816_1555_1/36
951,0.328239047685,529.0,20160816_1556_1/2,20160816_1556_1/5,20160816_1556_1/0,20160816_1556_1/3,20160816_1556_1/4,20160816_1556_1/8,20160816_1556_1/10,20160816_1556_1/1,20160816_1556_1/7,20160816_1556_1/6
952,0.257910833556,625.5555555555555,20160816_1556_1/11,20160816_1555_1/30,20160816_1555_1/42,20160816_1555_1/46,20160816_1555_1/39,20160816_1555_1/48,20160816_1555_1/43,20160816_1555_1/47,20160816_1555_1/37
954,6.26503773124,532.0,20160816_1554_1/59,20160816_1555_1/2,20160816_1554_1/62,20160816_1555_1/5,20160816_1554_1/58
956,0.221166649275,472.5,20160816_1555_1/22,20160816_1555_1/10,20160816_1555_1/18,20160816_1555_1/14
962,3.03628523886,726.6666666666666,20160816_1557_1/14,20160816_1557_1/12,20160816_1557_1/11
964,0.212808692582,492.22222222222223,20160816_1556_1/15,20160816_1557_1/7,20160816_1557_1/3,20160816_1557_1/1,20160816_1557_1/13,20160816_1556_1/12,20160816_1556_1/16,20160816_1556_1/13,20160816_1557_1/4
965,0.114489854667,510.0,20160816_1557_1/27,20160816_1557_1/45,20160816_1558_1/3,20160816_1557_1/46,20160816_1557_1/43,20160816_1558_1/8
967,0.49747394541,476.0,20160816_1558_1/2,20160816_1557_1/23,20160816_1557_1/29,20160816_1557_1/31,20160816_1557_1/24
968,0.184471962278,587.1428571428571,20160816_1539_1/22,20160816_1539_1/32,20160816_1539_1/31,20160816_1539_1/24,20160816_1539_1/23,20160816_1539_1/27,20160816_1540_1/1
97,4.53965129366,332.5,20160816_1219_1/10,20160816_1219_1/4,20160816_1219_1/7,20160816_1219_1/8
970,0.00528138187558,583.3333333333334,20160816_1540_1/16,20160816_1540_1/18,20160816_1540_1/14,20160816_1540_1/19,20160816_1540_1/12,20160816_1540_1/21
972,0.238317055284,592.0,20160816_1540_1/38,20160816_1540_1/37,20160816_1541_1/6,20160816_1541_1/1,20160816_1541_1/5
974,0.231879926594,630.0,20160816_1540_1/34,20160816_1540_1/29,20160816_1540_1/31,20160816_1540_1/28
975,0.216560711197,468.57142857142856,20160816_1540_1/8,20160816_1540_1/15,20160816_1540_1/17,20160816_1540_1/22,20160816_1540_1/27,20160816_1540_1/11,20160816_1540_1/20
987,0.061939257306,460.0,20160816_1545_1/6,20160816_1545_1/0,20160816_1545_1/21,20160816_1545_1/24,20160816_1545_1/16,20160816_1545_1/7,20160816_1545_1/9
99,4.58311495865,320.0,20160816_1226_1/61,20160816_1226_1/59,20160816_1227_1/1
991,0.214489794771,526.6666666666666,20160816_1542_1/9,20160816_1542_1/13,20160816_1542_1/10,20160816_1542_1/11,20160816_1542_1/8,20160816_1542_1/14
998,0.374157243115,541.7647058823529,20160816_1545_1/34,20160816_1545_1/8,20160816_1545_1/25,20160816_1545_1/28,20160816_1545_1/35,20160816_1545_1/11,20160816_1545_1/27,20160816_1545_1/36,20160816_1545_1/18,20160816_1545_1/4,20160816_1545_1/32,20160816_1545_1/20,20160816_1545_1/31,20160816_1545_1/33,20160816_1545_1/12,20160816_1545_1/26,20160816_1545_1/5
